CODIGO;NOMBRE;actividad;categoria;cantidad
13;BELGRANO;INVERNADA;VACAS;1979
13;BELGRANO;ENGORDE CORRAL C/CONFINAMIENTO;VACAS;423
13;BELGRANO;CRIA;VACAS;13058
13;BELGRANO;GUACHERAS COMUNITARIAS;VACAS;35
13;BELGRANO;TAMBO;VACAS;2480
13;BELGRANO;CABAÑA;VACAS;318
13;BELGRANO;PROVEEDOR DE TERNEROS DE TAMBO;VACAS;231
13;BELGRANO;CICLO COMPLETO (CRIA e INVERNADA);VACAS;115
13;BELGRANO;AGRICULTURA FAMILIAR;VACAS;5
13;BELGRANO;RECRIA;VACAS;110
13;BELGRANO;INVERNADA;VAQUILLONAS;2730
13;BELGRANO;ENGORDE CORRAL C/CONFINAMIENTO;VAQUILLONAS;3018
13;BELGRANO;CRIA;VAQUILLONAS;4350
13;BELGRANO;GUACHERAS COMUNITARIAS;VAQUILLONAS;5
13;BELGRANO;TAMBO;VAQUILLONAS;1166
13;BELGRANO;CABAÑA;VAQUILLONAS;190
13;BELGRANO;PROVEEDOR DE TERNEROS DE TAMBO;VAQUILLONAS;180
13;BELGRANO;CICLO COMPLETO (CRIA e INVERNADA);VAQUILLONAS;146
13;BELGRANO;AGRICULTURA FAMILIAR;VAQUILLONAS;4
13;BELGRANO;INVERNADA;NOVILLOS;2000
13;BELGRANO;ENGORDE CORRAL C/CONFINAMIENTO;NOVILLOS;60
13;BELGRANO;CRIA;NOVILLOS;607
13;BELGRANO;CICLO COMPLETO (CRIA e INVERNADA);NOVILLOS;32
13;BELGRANO;INVERNADA;NOVILLITOS;5195
13;BELGRANO;ENGORDE CORRAL C/CONFINAMIENTO;NOVILLITOS;5711
13;BELGRANO;CRIA;NOVILLITOS;2397
13;BELGRANO;GUACHERAS COMUNITARIAS;NOVILLITOS;1
13;BELGRANO;TAMBO;NOVILLITOS;166
13;BELGRANO;CABAÑA;NOVILLITOS;35
13;BELGRANO;CICLO COMPLETO (CRIA e INVERNADA);NOVILLITOS;70
13;BELGRANO;AGRICULTURA FAMILIAR;NOVILLITOS;2
13;BELGRANO;RECRIA;NOVILLITOS;38
13;BELGRANO;INVERNADA;TERNERAS;1335
13;BELGRANO;ENGORDE CORRAL C/CONFINAMIENTO;TERNERAS;1014
13;BELGRANO;CRIA;TERNERAS;3009
13;BELGRANO;GUACHERAS COMUNITARIAS;TERNERAS;8
13;BELGRANO;TAMBO;TERNERAS;511
13;BELGRANO;CABAÑA;TERNERAS;113
13;BELGRANO;PROVEEDOR DE TERNEROS DE TAMBO;TERNERAS;73
13;BELGRANO;CICLO COMPLETO (CRIA e INVERNADA);TERNERAS;32
13;BELGRANO;AGRICULTURA FAMILIAR;TERNERAS;3
13;BELGRANO;INVERNADA;TERNEROS;2146
13;BELGRANO;ENGORDE CORRAL C/CONFINAMIENTO;TERNEROS;2081
13;BELGRANO;CRIA;TERNEROS;2763
13;BELGRANO;GUACHERAS COMUNITARIAS;TERNEROS;9
13;BELGRANO;TAMBO;TERNEROS;255
13;BELGRANO;CABAÑA;TERNEROS;108
13;BELGRANO;PROVEEDOR DE TERNEROS DE TAMBO;TERNEROS;4
13;BELGRANO;CICLO COMPLETO (CRIA e INVERNADA);TERNEROS;26
13;BELGRANO;AGRICULTURA FAMILIAR;TERNEROS;1
13;BELGRANO;INVERNADA;TOROS;34
13;BELGRANO;ENGORDE CORRAL C/CONFINAMIENTO;TOROS;7
13;BELGRANO;CRIA;TOROS;484
13;BELGRANO;GUACHERAS COMUNITARIAS;TOROS;1
13;BELGRANO;TAMBO;TOROS;13
13;BELGRANO;CABAÑA;TOROS;32
13;BELGRANO;CICLO COMPLETO (CRIA e INVERNADA);TOROS;5
13;BELGRANO;AGRICULTURA FAMILIAR;TOROS;1
13;BELGRANO;RECRIA;TOROS;4
13;BELGRANO;INVERNADA;TORITOS;92
13;BELGRANO;ENGORDE CORRAL C/CONFINAMIENTO;TORITOS;7
13;BELGRANO;CRIA;TORITOS;122
13;BELGRANO;TAMBO;TORITOS;1
13;BELGRANO;CABAÑA;TORITOS;44
18;CASEROS;INVERNADA;VACAS;3491
18;CASEROS;ENGORDE CORRAL C/CONFINAMIENTO;VACAS;10256
18;CASEROS;CRIA;VACAS;16849
18;CASEROS;TAMBO;VACAS;880
18;CASEROS;CABAÑA;VACAS;376
18;CASEROS;CICLO COMPLETO (CRIA e INVERNADA);VACAS;1862
18;CASEROS;AGRICULTURA FAMILIAR;VACAS;162
18;CASEROS;SUBSISTENCIA;VACAS;68
18;CASEROS;ENGORDE CORRAL C/CONFINAMIENTO (BUBALINO);VACAS;436
18;CASEROS;INVERNADA;VAQUILLONAS;6293
18;CASEROS;ENGORDE CORRAL C/CONFINAMIENTO;VAQUILLONAS;18498
18;CASEROS;CRIA;VAQUILLONAS;6895
18;CASEROS;TAMBO;VAQUILLONAS;354
18;CASEROS;CABAÑA;VAQUILLONAS;130
18;CASEROS;CICLO COMPLETO (CRIA e INVERNADA);VAQUILLONAS;575
18;CASEROS;AGRICULTURA FAMILIAR;VAQUILLONAS;53
18;CASEROS;SUBSISTENCIA;VAQUILLONAS;7
18;CASEROS;INVERNADA (BUBALINO);VAQUILLONAS;48
18;CASEROS;INVERNADA;NOVILLOS;1303
18;CASEROS;ENGORDE CORRAL C/CONFINAMIENTO;NOVILLOS;3480
18;CASEROS;CRIA;NOVILLOS;343
18;CASEROS;TAMBO;NOVILLOS;11
18;CASEROS;CICLO COMPLETO (CRIA e INVERNADA);NOVILLOS;21
18;CASEROS;INVERNADA;NOVILLITOS;9141
18;CASEROS;ENGORDE CORRAL C/CONFINAMIENTO;NOVILLITOS;17683
18;CASEROS;CRIA;NOVILLITOS;6856
18;CASEROS;TAMBO;NOVILLITOS;2
18;CASEROS;CABAÑA;NOVILLITOS;252
18;CASEROS;CICLO COMPLETO (CRIA e INVERNADA);NOVILLITOS;1288
18;CASEROS;AGRICULTURA FAMILIAR;NOVILLITOS;75
18;CASEROS;SUBSISTENCIA;NOVILLITOS;31
18;CASEROS;INVERNADA (BUBALINO);NOVILLITOS;33
18;CASEROS;INVERNADA;TERNERAS;2664
18;CASEROS;ENGORDE CORRAL C/CONFINAMIENTO;TERNERAS;12186
18;CASEROS;CRIA;TERNERAS;3662
18;CASEROS;TAMBO;TERNERAS;269
18;CASEROS;CABAÑA;TERNERAS;24
18;CASEROS;CICLO COMPLETO (CRIA e INVERNADA);TERNERAS;497
18;CASEROS;AGRICULTURA FAMILIAR;TERNERAS;101
18;CASEROS;SUBSISTENCIA;TERNERAS;18
18;CASEROS;ENGORDE CORRAL C/CONFINAMIENTO (BUBALINO);TERNERAS;3
18;CASEROS;INVERNADA;TERNEROS;3933
18;CASEROS;ENGORDE CORRAL C/CONFINAMIENTO;TERNEROS;9692
18;CASEROS;CRIA;TERNEROS;3546
18;CASEROS;TAMBO;TERNEROS;179
18;CASEROS;CABAÑA;TERNEROS;27
18;CASEROS;CICLO COMPLETO (CRIA e INVERNADA);TERNEROS;427
18;CASEROS;AGRICULTURA FAMILIAR;TERNEROS;57
18;CASEROS;SUBSISTENCIA;TERNEROS;51
18;CASEROS;ENGORDE CORRAL C/CONFINAMIENTO (BUBALINO);TERNEROS;1
18;CASEROS;INVERNADA (BUBALINO);TERNEROS;42
18;CASEROS;INVERNADA;TOROS;100
18;CASEROS;ENGORDE CORRAL C/CONFINAMIENTO;TOROS;313
18;CASEROS;CRIA;TOROS;629
18;CASEROS;TAMBO;TOROS;21
18;CASEROS;CABAÑA;TOROS;44
18;CASEROS;CICLO COMPLETO (CRIA e INVERNADA);TOROS;49
18;CASEROS;AGRICULTURA FAMILIAR;TOROS;6
18;CASEROS;SUBSISTENCIA;TOROS;4
18;CASEROS;ENGORDE CORRAL C/CONFINAMIENTO (BUBALINO);TOROS;1
18;CASEROS;INVERNADA;TORITOS;30
18;CASEROS;ENGORDE CORRAL C/CONFINAMIENTO;TORITOS;694
18;CASEROS;CRIA;TORITOS;243
18;CASEROS;TAMBO;TORITOS;1
18;CASEROS;CABAÑA;TORITOS;75
18;CASEROS;CICLO COMPLETO (CRIA e INVERNADA);TORITOS;22
08;CASTELLANOS;INVERNADA;VACAS;22293
08;CASTELLANOS;ENGORDE CORRAL C/CONFINAMIENTO;VACAS;327
08;CASTELLANOS;CRIA;VACAS;38851
08;CASTELLANOS;TAMBO;VACAS;119481
08;CASTELLANOS;CABAÑA;VACAS;858
08;CASTELLANOS;RECRIA;VACAS;4043
08;CASTELLANOS;SUBSISTENCIA;VACAS;107
08;CASTELLANOS;CRIA (BUBALINO);VACAS;210
08;CASTELLANOS;CENTRO DE TRANSFERENCIA DE EMBRIONES;VACAS;1
08;CASTELLANOS;CENTRO DE COLECTA Y PROCESAMIENTO DE SEMEN;VACAS;15
08;CASTELLANOS;DE TRABAJO;VACAS;440
08;CASTELLANOS;TAMBO DE SUBSISTENCIA;VACAS;21
08;CASTELLANOS;INVERNADA;VAQUILLONAS;14852
08;CASTELLANOS;ENGORDE CORRAL C/CONFINAMIENTO;VAQUILLONAS;233
08;CASTELLANOS;CRIA;VAQUILLONAS;15027
08;CASTELLANOS;TAMBO;VAQUILLONAS;55207
08;CASTELLANOS;CABAÑA;VAQUILLONAS;648
08;CASTELLANOS;RECRIA;VAQUILLONAS;5425
08;CASTELLANOS;SUBSISTENCIA;VAQUILLONAS;36
08;CASTELLANOS;CRIA (BUBALINO);VAQUILLONAS;138
08;CASTELLANOS;LEASING GANADERO;VAQUILLONAS;51
08;CASTELLANOS;CENTRO DE COLECTA Y PROCESAMIENTO DE SEMEN;VAQUILLONAS;2
08;CASTELLANOS;CRIA/RECRIA DE TERNEROS DE TAMBO;VAQUILLONAS;54
08;CASTELLANOS;DE TRABAJO;VAQUILLONAS;183
08;CASTELLANOS;INVERNADA;NOVILLOS;6968
08;CASTELLANOS;ENGORDE CORRAL C/CONFINAMIENTO;NOVILLOS;16
08;CASTELLANOS;CRIA;NOVILLOS;2701
08;CASTELLANOS;TAMBO;NOVILLOS;1611
08;CASTELLANOS;CABAÑA;NOVILLOS;2
08;CASTELLANOS;RECRIA;NOVILLOS;133
08;CASTELLANOS;SUBSISTENCIA;NOVILLOS;20
08;CASTELLANOS;CRIA (BUBALINO);NOVILLOS;79
08;CASTELLANOS;INVERNADA;NOVILLITOS;21513
08;CASTELLANOS;ENGORDE CORRAL C/CONFINAMIENTO;NOVILLITOS;3255
08;CASTELLANOS;CRIA;NOVILLITOS;7435
08;CASTELLANOS;TAMBO;NOVILLITOS;9578
08;CASTELLANOS;CABAÑA;NOVILLITOS;172
08;CASTELLANOS;RECRIA;NOVILLITOS;966
08;CASTELLANOS;SUBSISTENCIA;NOVILLITOS;31
08;CASTELLANOS;CRIA (BUBALINO);NOVILLITOS;266
08;CASTELLANOS;DE TRABAJO;NOVILLITOS;1
08;CASTELLANOS;INVERNADA;TERNERAS;10823
08;CASTELLANOS;ENGORDE CORRAL C/CONFINAMIENTO;TERNERAS;138
08;CASTELLANOS;CRIA;TERNERAS;10461
08;CASTELLANOS;TAMBO;TERNERAS;33525
08;CASTELLANOS;CABAÑA;TERNERAS;241
08;CASTELLANOS;RECRIA;TERNERAS;2498
08;CASTELLANOS;SUBSISTENCIA;TERNERAS;36
08;CASTELLANOS;CRIA (BUBALINO);TERNERAS;117
08;CASTELLANOS;DE TRABAJO;TERNERAS;34
08;CASTELLANOS;TAMBO DE SUBSISTENCIA;TERNERAS;8
08;CASTELLANOS;INVERNADA;TERNEROS;9602
08;CASTELLANOS;ENGORDE CORRAL C/CONFINAMIENTO;TERNEROS;1052
08;CASTELLANOS;CRIA;TERNEROS;7116
08;CASTELLANOS;TAMBO;TERNEROS;19007
08;CASTELLANOS;CABAÑA;TERNEROS;86
08;CASTELLANOS;RECRIA;TERNEROS;1189
08;CASTELLANOS;SUBSISTENCIA;TERNEROS;37
08;CASTELLANOS;CRIA (BUBALINO);TERNEROS;388
08;CASTELLANOS;DE TRABAJO;TERNEROS;26
08;CASTELLANOS;TAMBO DE SUBSISTENCIA;TERNEROS;5
08;CASTELLANOS;INVERNADA;TOROS;990
08;CASTELLANOS;ENGORDE CORRAL C/CONFINAMIENTO;TOROS;8
08;CASTELLANOS;CRIA;TOROS;1969
08;CASTELLANOS;TAMBO;TOROS;2521
08;CASTELLANOS;CABAÑA;TOROS;252
08;CASTELLANOS;RECRIA;TOROS;186
08;CASTELLANOS;SUBSISTENCIA;TOROS;11
08;CASTELLANOS;CRIA (BUBALINO);TOROS;9
08;CASTELLANOS;DE TRABAJO;TOROS;13
08;CASTELLANOS;INVERNADA;TORITOS;139
08;CASTELLANOS;ENGORDE CORRAL C/CONFINAMIENTO;TORITOS;36
08;CASTELLANOS;CRIA;TORITOS;406
08;CASTELLANOS;TAMBO;TORITOS;189
08;CASTELLANOS;CABAÑA;TORITOS;38
08;CASTELLANOS;RECRIA;TORITOS;10
19;CONSTITUCION;INVERNADA;VACAS;7981
19;CONSTITUCION;ENGORDE CORRAL C/CONFINAMIENTO;VACAS;3299
19;CONSTITUCION;CRIA;VACAS;36404
19;CONSTITUCION;TAMBO;VACAS;580
19;CONSTITUCION;CABAÑA;VACAS;147
19;CONSTITUCION;CICLO COMPLETO (CRIA e INVERNADA);VACAS;312
19;CONSTITUCION;RECRIA;VACAS;1261
19;CONSTITUCION;INVERNADA;VAQUILLONAS;3831
19;CONSTITUCION;ENGORDE CORRAL C/CONFINAMIENTO;VAQUILLONAS;7886
19;CONSTITUCION;CRIA;VAQUILLONAS;13473
19;CONSTITUCION;TAMBO;VAQUILLONAS;267
19;CONSTITUCION;CABAÑA;VAQUILLONAS;89
19;CONSTITUCION;CICLO COMPLETO (CRIA e INVERNADA);VAQUILLONAS;207
19;CONSTITUCION;RECRIA;VAQUILLONAS;350
19;CONSTITUCION;SUBSISTENCIA;VAQUILLONAS;86
19;CONSTITUCION;CRIA (BUBALINO);VAQUILLONAS;18
19;CONSTITUCION;INVERNADA;NOVILLOS;1384
19;CONSTITUCION;ENGORDE CORRAL C/CONFINAMIENTO;NOVILLOS;1635
19;CONSTITUCION;CRIA;NOVILLOS;757
19;CONSTITUCION;TAMBO;NOVILLOS;2
19;CONSTITUCION;CICLO COMPLETO (CRIA e INVERNADA);NOVILLOS;3
19;CONSTITUCION;RECRIA;NOVILLOS;35
19;CONSTITUCION;INVERNADA;NOVILLITOS;6638
19;CONSTITUCION;ENGORDE CORRAL C/CONFINAMIENTO;NOVILLITOS;25200
19;CONSTITUCION;CRIA;NOVILLITOS;9530
19;CONSTITUCION;CICLO COMPLETO (CRIA e INVERNADA);NOVILLITOS;119
19;CONSTITUCION;RECRIA;NOVILLITOS;147
19;CONSTITUCION;SUBSISTENCIA;NOVILLITOS;3
19;CONSTITUCION;INVERNADA;TERNERAS;1923
19;CONSTITUCION;ENGORDE CORRAL C/CONFINAMIENTO;TERNERAS;8443
19;CONSTITUCION;CRIA;TERNERAS;6651
19;CONSTITUCION;TAMBO;TERNERAS;133
19;CONSTITUCION;CABAÑA;TERNERAS;85
19;CONSTITUCION;CICLO COMPLETO (CRIA e INVERNADA);TERNERAS;64
19;CONSTITUCION;RECRIA;TERNERAS;444
19;CONSTITUCION;INVERNADA;TERNEROS;3554
19;CONSTITUCION;ENGORDE CORRAL C/CONFINAMIENTO;TERNEROS;3955
19;CONSTITUCION;CRIA;TERNEROS;6146
19;CONSTITUCION;TAMBO;TERNEROS;76
19;CONSTITUCION;CABAÑA;TERNEROS;80
19;CONSTITUCION;CICLO COMPLETO (CRIA e INVERNADA);TERNEROS;60
19;CONSTITUCION;RECRIA;TERNEROS;443
19;CONSTITUCION;INVERNADA;TOROS;252
19;CONSTITUCION;ENGORDE CORRAL C/CONFINAMIENTO;TOROS;93
19;CONSTITUCION;CRIA;TOROS;1454
19;CONSTITUCION;TAMBO;TOROS;14
19;CONSTITUCION;CICLO COMPLETO (CRIA e INVERNADA);TOROS;7
19;CONSTITUCION;RECRIA;TOROS;49
19;CONSTITUCION;INVERNADA;TORITOS;72
19;CONSTITUCION;ENGORDE CORRAL C/CONFINAMIENTO;TORITOS;125
19;CONSTITUCION;CRIA;TORITOS;486
19;CONSTITUCION;TAMBO;TORITOS;12
19;CONSTITUCION;CABAÑA;TORITOS;33
19;CONSTITUCION;RECRIA;TORITOS;176
05;GARAY;INVERNADA;VACAS;17532
05;GARAY;ENGORDE CORRAL C/CONFINAMIENTO;VACAS;207
05;GARAY;CRIA;VACAS;49230
05;GARAY;CICLO COMPLETO (CRIA e INVERNADA);VACAS;2406
05;GARAY;AGRICULTURA FAMILIAR;VACAS;59
05;GARAY;RECRIA;VACAS;562
05;GARAY;SUBSISTENCIA;VACAS;27
05;GARAY;INVERNADA (BUBALINO);VACAS;16
05;GARAY;CRIA (BUBALINO);VACAS;42
05;GARAY;ENGORDE CORRAL S/CONFINAMIENTO;VACAS;429
05;GARAY;INVERNADA;VAQUILLONAS;7580
05;GARAY;ENGORDE CORRAL C/CONFINAMIENTO;VAQUILLONAS;174
05;GARAY;CRIA;VAQUILLONAS;17748
05;GARAY;CICLO COMPLETO (CRIA e INVERNADA);VAQUILLONAS;1341
05;GARAY;AGRICULTURA FAMILIAR;VAQUILLONAS;45
05;GARAY;RECRIA;VAQUILLONAS;175
05;GARAY;SUBSISTENCIA;VAQUILLONAS;13
05;GARAY;INVERNADA (BUBALINO);VAQUILLONAS;26
05;GARAY;CRIA (BUBALINO);VAQUILLONAS;23
05;GARAY;ENGORDE CORRAL S/CONFINAMIENTO;VAQUILLONAS;127
05;GARAY;INVERNADA;NOVILLOS;6174
05;GARAY;ENGORDE CORRAL C/CONFINAMIENTO;NOVILLOS;313
05;GARAY;CRIA;NOVILLOS;9980
05;GARAY;CICLO COMPLETO (CRIA e INVERNADA);NOVILLOS;388
05;GARAY;AGRICULTURA FAMILIAR;NOVILLOS;3
05;GARAY;RECRIA;NOVILLOS;38
05;GARAY;SUBSISTENCIA;NOVILLOS;18
05;GARAY;INVERNADA (BUBALINO);NOVILLOS;29
05;GARAY;ENGORDE CORRAL S/CONFINAMIENTO;NOVILLOS;542
05;GARAY;INVERNADA;NOVILLITOS;15197
05;GARAY;ENGORDE CORRAL C/CONFINAMIENTO;NOVILLITOS;518
05;GARAY;CRIA;NOVILLITOS;21959
05;GARAY;CICLO COMPLETO (CRIA e INVERNADA);NOVILLITOS;860
05;GARAY;RECRIA;NOVILLITOS;623
05;GARAY;SUBSISTENCIA;NOVILLITOS;20
05;GARAY;INVERNADA (BUBALINO);NOVILLITOS;61
05;GARAY;CRIA (BUBALINO);NOVILLITOS;45
05;GARAY;ENGORDE CORRAL S/CONFINAMIENTO;NOVILLITOS;193
05;GARAY;INVERNADA;TERNERAS;2593
05;GARAY;ENGORDE CORRAL C/CONFINAMIENTO;TERNERAS;179
05;GARAY;CRIA;TERNERAS;8805
05;GARAY;CICLO COMPLETO (CRIA e INVERNADA);TERNERAS;452
05;GARAY;RECRIA;TERNERAS;208
05;GARAY;SUBSISTENCIA;TERNERAS;7
05;GARAY;CRIA (BUBALINO);TERNERAS;3
05;GARAY;INVERNADA;TERNEROS;3748
05;GARAY;ENGORDE CORRAL C/CONFINAMIENTO;TERNEROS;1586
05;GARAY;CRIA;TERNEROS;9494
05;GARAY;CICLO COMPLETO (CRIA e INVERNADA);TERNEROS;473
05;GARAY;RECRIA;TERNEROS;249
05;GARAY;SUBSISTENCIA;TERNEROS;8
05;GARAY;CRIA (BUBALINO);TERNEROS;23
05;GARAY;INVERNADA;TOROS;856
05;GARAY;ENGORDE CORRAL C/CONFINAMIENTO;TOROS;48
05;GARAY;CRIA;TOROS;2003
05;GARAY;CICLO COMPLETO (CRIA e INVERNADA);TOROS;113
05;GARAY;AGRICULTURA FAMILIAR;TOROS;4
05;GARAY;RECRIA;TOROS;22
05;GARAY;SUBSISTENCIA;TOROS;2
05;GARAY;CRIA (BUBALINO);TOROS;3
05;GARAY;ENGORDE CORRAL S/CONFINAMIENTO;TOROS;36
05;GARAY;INVERNADA;TORITOS;138
05;GARAY;ENGORDE CORRAL C/CONFINAMIENTO;TORITOS;130
05;GARAY;CRIA;TORITOS;456
05;GARAY;CICLO COMPLETO (CRIA e INVERNADA);TORITOS;9
05;GARAY;RECRIA;TORITOS;6
05;GARAY;INVERNADA (BUBALINO);TORITOS;1
05;GARAY;CRIA (BUBALINO);TORITOS;2
17;GENERAL LOPEZ;INVERNADA;VACAS;23363
17;GENERAL LOPEZ;ENGORDE CORRAL C/CONFINAMIENTO;VACAS;2652
17;GENERAL LOPEZ;CRIA;VACAS;91946
17;GENERAL LOPEZ;GUACHERAS COMUNITARIAS;VACAS;16
17;GENERAL LOPEZ;TAMBO;VACAS;8567
17;GENERAL LOPEZ;CABAÑA;VACAS;1370
17;GENERAL LOPEZ;PROVEEDOR DE TERNEROS DE TAMBO;VACAS;351
17;GENERAL LOPEZ;CICLO COMPLETO (CRIA e INVERNADA);VACAS;3958
17;GENERAL LOPEZ;AGRICULTURA FAMILIAR;VACAS;5
17;GENERAL LOPEZ;RECRIA;VACAS;4334
17;GENERAL LOPEZ;SUBSISTENCIA;VACAS;43
17;GENERAL LOPEZ;INVERNADA (BUBALINO);VACAS;69
17;GENERAL LOPEZ;CRIA (BUBALINO);VACAS;8
17;GENERAL LOPEZ;CICLO COMPLETO (CRIA e INVERNADA) (BUBALINO);VACAS;61
17;GENERAL LOPEZ;INVERNADA;VAQUILLONAS;20869
17;GENERAL LOPEZ;ENGORDE CORRAL C/CONFINAMIENTO;VAQUILLONAS;10673
17;GENERAL LOPEZ;CRIA;VAQUILLONAS;36632
17;GENERAL LOPEZ;GUACHERAS COMUNITARIAS;VAQUILLONAS;8
17;GENERAL LOPEZ;TAMBO;VAQUILLONAS;5737
17;GENERAL LOPEZ;CABAÑA;VAQUILLONAS;762
17;GENERAL LOPEZ;PROVEEDOR DE TERNEROS DE TAMBO;VAQUILLONAS;255
17;GENERAL LOPEZ;CICLO COMPLETO (CRIA e INVERNADA);VAQUILLONAS;2158
17;GENERAL LOPEZ;AGRICULTURA FAMILIAR;VAQUILLONAS;10
17;GENERAL LOPEZ;RECRIA;VAQUILLONAS;2667
17;GENERAL LOPEZ;INVERNADA (BUBALINO);VAQUILLONAS;18
17;GENERAL LOPEZ;CENTRO DE COLECTA Y PROCESAMIENTO DE SEMEN;VAQUILLONAS;3
17;GENERAL LOPEZ;CICLO COMPLETO (CRIA e INVERNADA) (BUBALINO);VAQUILLONAS;216
17;GENERAL LOPEZ;INVERNADA;NOVILLOS;2459
17;GENERAL LOPEZ;ENGORDE CORRAL C/CONFINAMIENTO;NOVILLOS;10908
17;GENERAL LOPEZ;CRIA;NOVILLOS;1808
17;GENERAL LOPEZ;TAMBO;NOVILLOS;22
17;GENERAL LOPEZ;CABAÑA;NOVILLOS;16
17;GENERAL LOPEZ;CICLO COMPLETO (CRIA e INVERNADA);NOVILLOS;88
17;GENERAL LOPEZ;RECRIA;NOVILLOS;157
17;GENERAL LOPEZ;INVERNADA;NOVILLITOS;21110
17;GENERAL LOPEZ;ENGORDE CORRAL C/CONFINAMIENTO;NOVILLITOS;32742
17;GENERAL LOPEZ;CRIA;NOVILLITOS;19970
17;GENERAL LOPEZ;GUACHERAS COMUNITARIAS;NOVILLITOS;479
17;GENERAL LOPEZ;TAMBO;NOVILLITOS;457
17;GENERAL LOPEZ;CABAÑA;NOVILLITOS;434
17;GENERAL LOPEZ;CICLO COMPLETO (CRIA e INVERNADA);NOVILLITOS;3508
17;GENERAL LOPEZ;RECRIA;NOVILLITOS;3760
17;GENERAL LOPEZ;SUBSISTENCIA;NOVILLITOS;3
17;GENERAL LOPEZ;INVERNADA (BUBALINO);NOVILLITOS;7
17;GENERAL LOPEZ;INVERNADA;TERNERAS;5345
17;GENERAL LOPEZ;ENGORDE CORRAL C/CONFINAMIENTO;TERNERAS;2225
17;GENERAL LOPEZ;CRIA;TERNERAS;27639
17;GENERAL LOPEZ;GUACHERAS COMUNITARIAS;TERNERAS;116
17;GENERAL LOPEZ;TAMBO;TERNERAS;2162
17;GENERAL LOPEZ;CABAÑA;TERNERAS;642
17;GENERAL LOPEZ;PROVEEDOR DE TERNEROS DE TAMBO;TERNERAS;137
17;GENERAL LOPEZ;CICLO COMPLETO (CRIA e INVERNADA);TERNERAS;696
17;GENERAL LOPEZ;RECRIA;TERNERAS;1107
17;GENERAL LOPEZ;SUBSISTENCIA;TERNERAS;23
17;GENERAL LOPEZ;INVERNADA (BUBALINO);TERNERAS;7
17;GENERAL LOPEZ;CRIA (BUBALINO);TERNERAS;1
17;GENERAL LOPEZ;CICLO COMPLETO (CRIA e INVERNADA) (BUBALINO);TERNERAS;63
17;GENERAL LOPEZ;INVERNADA;TERNEROS;7098
17;GENERAL LOPEZ;ENGORDE CORRAL C/CONFINAMIENTO;TERNEROS;2238
17;GENERAL LOPEZ;CRIA;TERNEROS;15553
17;GENERAL LOPEZ;GUACHERAS COMUNITARIAS;TERNEROS;1722
17;GENERAL LOPEZ;TAMBO;TERNEROS;939
17;GENERAL LOPEZ;CABAÑA;TERNEROS;472
17;GENERAL LOPEZ;PROVEEDOR DE TERNEROS DE TAMBO;TERNEROS;1
17;GENERAL LOPEZ;CICLO COMPLETO (CRIA e INVERNADA);TERNEROS;1034
17;GENERAL LOPEZ;RECRIA;TERNEROS;1169
17;GENERAL LOPEZ;SUBSISTENCIA;TERNEROS;20
17;GENERAL LOPEZ;INVERNADA (BUBALINO);TERNEROS;15
17;GENERAL LOPEZ;CRIA (BUBALINO);TERNEROS;3
17;GENERAL LOPEZ;CICLO COMPLETO (CRIA e INVERNADA) (BUBALINO);TERNEROS;53
17;GENERAL LOPEZ;INVERNADA;TOROS;794
17;GENERAL LOPEZ;ENGORDE CORRAL C/CONFINAMIENTO;TOROS;80
17;GENERAL LOPEZ;CRIA;TOROS;2847
17;GENERAL LOPEZ;GUACHERAS COMUNITARIAS;TOROS;2
17;GENERAL LOPEZ;TAMBO;TOROS;92
17;GENERAL LOPEZ;CABAÑA;TOROS;195
17;GENERAL LOPEZ;PROVEEDOR DE TERNEROS DE TAMBO;TOROS;3
17;GENERAL LOPEZ;CICLO COMPLETO (CRIA e INVERNADA);TOROS;138
17;GENERAL LOPEZ;AGRICULTURA FAMILIAR;TOROS;1
17;GENERAL LOPEZ;RECRIA;TOROS;82
17;GENERAL LOPEZ;SUBSISTENCIA;TOROS;3
17;GENERAL LOPEZ;INVERNADA (BUBALINO);TOROS;2
17;GENERAL LOPEZ;CRIA (BUBALINO);TOROS;1
17;GENERAL LOPEZ;CENTRO DE COLECTA Y PROCESAMIENTO DE SEMEN;TOROS;139
17;GENERAL LOPEZ;ALQUILER REPRODUCTORES;TOROS;21
17;GENERAL LOPEZ;INVERNADA;TORITOS;2474
17;GENERAL LOPEZ;ENGORDE CORRAL C/CONFINAMIENTO;TORITOS;36
17;GENERAL LOPEZ;CRIA;TORITOS;1436
17;GENERAL LOPEZ;TAMBO;TORITOS;27
17;GENERAL LOPEZ;CABAÑA;TORITOS;230
17;GENERAL LOPEZ;PROVEEDOR DE TERNEROS DE TAMBO;TORITOS;5
17;GENERAL LOPEZ;CICLO COMPLETO (CRIA e INVERNADA);TORITOS;45
17;GENERAL LOPEZ;RECRIA;TORITOS;78
17;GENERAL LOPEZ;CENTRO DE COLECTA Y PROCESAMIENTO DE SEMEN;TORITOS;4
17;GENERAL LOPEZ;CICLO COMPLETO (CRIA e INVERNADA) (BUBALINO);TORITOS;201
03;GENERAL OBLIGADO;INVERNADA;VACAS;800
03;GENERAL OBLIGADO;ENGORDE CORRAL C/CONFINAMIENTO;VACAS;1284
03;GENERAL OBLIGADO;CRIA;VACAS;207015
03;GENERAL OBLIGADO;TAMBO;VACAS;1044
03;GENERAL OBLIGADO;CABAÑA;VACAS;745
03;GENERAL OBLIGADO;CICLO COMPLETO (CRIA e INVERNADA);VACAS;447
03;GENERAL OBLIGADO;AGRICULTURA FAMILIAR;VACAS;54
03;GENERAL OBLIGADO;RECRIA;VACAS;895
03;GENERAL OBLIGADO;CRIA (BUBALINO);VACAS;844
03;GENERAL OBLIGADO;CENTRO DE COLECTA Y PROCESAMIENTO DE SEMEN;VACAS;249
03;GENERAL OBLIGADO;INVERNADA;VAQUILLONAS;485
03;GENERAL OBLIGADO;ENGORDE CORRAL C/CONFINAMIENTO;VAQUILLONAS;6901
03;GENERAL OBLIGADO;CRIA;VAQUILLONAS;52084
03;GENERAL OBLIGADO;TAMBO;VAQUILLONAS;454
03;GENERAL OBLIGADO;CABAÑA;VAQUILLONAS;219
03;GENERAL OBLIGADO;CICLO COMPLETO (CRIA e INVERNADA);VAQUILLONAS;136
03;GENERAL OBLIGADO;AGRICULTURA FAMILIAR;VAQUILLONAS;11
03;GENERAL OBLIGADO;RECRIA;VAQUILLONAS;747
03;GENERAL OBLIGADO;CRIA (BUBALINO);VAQUILLONAS;194
03;GENERAL OBLIGADO;CENTRO DE COLECTA Y PROCESAMIENTO DE SEMEN;VAQUILLONAS;41
03;GENERAL OBLIGADO;INVERNADA;NOVILLOS;3955
03;GENERAL OBLIGADO;ENGORDE CORRAL C/CONFINAMIENTO;NOVILLOS;2625
03;GENERAL OBLIGADO;CRIA;NOVILLOS;15782
03;GENERAL OBLIGADO;TAMBO;NOVILLOS;25
03;GENERAL OBLIGADO;CABAÑA;NOVILLOS;5
03;GENERAL OBLIGADO;RECRIA;NOVILLOS;127
03;GENERAL OBLIGADO;CRIA (BUBALINO);NOVILLOS;32
03;GENERAL OBLIGADO;INVERNADA;NOVILLITOS;2933
03;GENERAL OBLIGADO;ENGORDE CORRAL C/CONFINAMIENTO;NOVILLITOS;6920
03;GENERAL OBLIGADO;CRIA;NOVILLITOS;38181
03;GENERAL OBLIGADO;TAMBO;NOVILLITOS;103
03;GENERAL OBLIGADO;CABAÑA;NOVILLITOS;33
03;GENERAL OBLIGADO;CICLO COMPLETO (CRIA e INVERNADA);NOVILLITOS;159
03;GENERAL OBLIGADO;AGRICULTURA FAMILIAR;NOVILLITOS;5
03;GENERAL OBLIGADO;RECRIA;NOVILLITOS;1910
03;GENERAL OBLIGADO;CRIA (BUBALINO);NOVILLITOS;182
03;GENERAL OBLIGADO;INVERNADA;TERNERAS;431
03;GENERAL OBLIGADO;ENGORDE CORRAL C/CONFINAMIENTO;TERNERAS;2161
03;GENERAL OBLIGADO;CRIA;TERNERAS;38248
03;GENERAL OBLIGADO;TAMBO;TERNERAS;347
03;GENERAL OBLIGADO;CABAÑA;TERNERAS;349
03;GENERAL OBLIGADO;CICLO COMPLETO (CRIA e INVERNADA);TERNERAS;143
03;GENERAL OBLIGADO;AGRICULTURA FAMILIAR;TERNERAS;17
03;GENERAL OBLIGADO;RECRIA;TERNERAS;493
03;GENERAL OBLIGADO;CRIA (BUBALINO);TERNERAS;187
03;GENERAL OBLIGADO;CENTRO DE COLECTA Y PROCESAMIENTO DE SEMEN;TERNERAS;43
03;GENERAL OBLIGADO;INVERNADA;TERNEROS;452
03;GENERAL OBLIGADO;ENGORDE CORRAL C/CONFINAMIENTO;TERNEROS;2924
03;GENERAL OBLIGADO;CRIA;TERNEROS;36101
03;GENERAL OBLIGADO;TAMBO;TERNEROS;210
03;GENERAL OBLIGADO;CABAÑA;TERNEROS;212
03;GENERAL OBLIGADO;CICLO COMPLETO (CRIA e INVERNADA);TERNEROS;133
03;GENERAL OBLIGADO;AGRICULTURA FAMILIAR;TERNEROS;14
03;GENERAL OBLIGADO;RECRIA;TERNEROS;1084
03;GENERAL OBLIGADO;CRIA (BUBALINO);TERNEROS;175
03;GENERAL OBLIGADO;CENTRO DE COLECTA Y PROCESAMIENTO DE SEMEN;TERNEROS;26
03;GENERAL OBLIGADO;INVERNADA;TOROS;51
03;GENERAL OBLIGADO;ENGORDE CORRAL C/CONFINAMIENTO;TOROS;168
03;GENERAL OBLIGADO;CRIA;TOROS;9359
03;GENERAL OBLIGADO;TAMBO;TOROS;30
03;GENERAL OBLIGADO;CABAÑA;TOROS;161
03;GENERAL OBLIGADO;CICLO COMPLETO (CRIA e INVERNADA);TOROS;23
03;GENERAL OBLIGADO;AGRICULTURA FAMILIAR;TOROS;9
03;GENERAL OBLIGADO;RECRIA;TOROS;70
03;GENERAL OBLIGADO;CRIA (BUBALINO);TOROS;49
03;GENERAL OBLIGADO;INVERNADA;TORITOS;5
03;GENERAL OBLIGADO;ENGORDE CORRAL C/CONFINAMIENTO;TORITOS;679
03;GENERAL OBLIGADO;CRIA;TORITOS;1986
03;GENERAL OBLIGADO;TAMBO;TORITOS;2
03;GENERAL OBLIGADO;CABAÑA;TORITOS;137
03;GENERAL OBLIGADO;CICLO COMPLETO (CRIA e INVERNADA);TORITOS;5
03;GENERAL OBLIGADO;AGRICULTURA FAMILIAR;TORITOS;2
03;GENERAL OBLIGADO;RECRIA;TORITOS;13
03;GENERAL OBLIGADO;CRIA (BUBALINO);TORITOS;31
03;GENERAL OBLIGADO;CENTRO DE COLECTA Y PROCESAMIENTO DE SEMEN;TORITOS;19
03;GENERAL OBLIGADO;TAMBO;BUEYES;5
14;IRIONDO;INVERNADA;VACAS;5563
14;IRIONDO;ENGORDE CORRAL C/CONFINAMIENTO;VACAS;2212
14;IRIONDO;CRIA;VACAS;13225
14;IRIONDO;TAMBO;VACAS;13934
14;IRIONDO;CABAÑA;VACAS;128
14;IRIONDO;PROVEEDOR DE TERNEROS DE TAMBO;VACAS;541
14;IRIONDO;CICLO COMPLETO (CRIA e INVERNADA);VACAS;1317
14;IRIONDO;AGRICULTURA FAMILIAR;VACAS;15
14;IRIONDO;RECRIA;VACAS;715
14;IRIONDO;CRIA (BUBALINO);VACAS;21
14;IRIONDO;CRIA/RECRIA DE TERNEROS DE TAMBO;VACAS;662
14;IRIONDO;DE TRABAJO;VACAS;11
14;IRIONDO;TAMBO - AGRICULTURA FAMILIAR;VACAS;12
14;IRIONDO;INVERNADA;VAQUILLONAS;4526
14;IRIONDO;ENGORDE CORRAL C/CONFINAMIENTO;VAQUILLONAS;6368
14;IRIONDO;CRIA;VAQUILLONAS;5656
14;IRIONDO;TAMBO;VAQUILLONAS;5997
14;IRIONDO;CABAÑA;VAQUILLONAS;20
14;IRIONDO;CICLO COMPLETO (CRIA e INVERNADA);VAQUILLONAS;917
14;IRIONDO;AGRICULTURA FAMILIAR;VAQUILLONAS;1
14;IRIONDO;RECRIA;VAQUILLONAS;528
14;IRIONDO;CRIA (BUBALINO);VAQUILLONAS;9
14;IRIONDO;LEASING GANADERO;VAQUILLONAS;25
14;IRIONDO;CRIA/RECRIA DE TERNEROS DE TAMBO;VAQUILLONAS;670
14;IRIONDO;DE TRABAJO;VAQUILLONAS;34
14;IRIONDO;TAMBO - AGRICULTURA FAMILIAR;VAQUILLONAS;3
14;IRIONDO;INVERNADA;NOVILLOS;1117
14;IRIONDO;ENGORDE CORRAL C/CONFINAMIENTO;NOVILLOS;3285
14;IRIONDO;CRIA;NOVILLOS;370
14;IRIONDO;TAMBO;NOVILLOS;48
14;IRIONDO;CICLO COMPLETO (CRIA e INVERNADA);NOVILLOS;76
14;IRIONDO;RECRIA;NOVILLOS;24
14;IRIONDO;CRIA/RECRIA DE TERNEROS DE TAMBO;NOVILLOS;14
14;IRIONDO;INVERNADA;NOVILLITOS;5295
14;IRIONDO;ENGORDE CORRAL C/CONFINAMIENTO;NOVILLITOS;6236
14;IRIONDO;CRIA;NOVILLITOS;2785
14;IRIONDO;TAMBO;NOVILLITOS;346
14;IRIONDO;CICLO COMPLETO (CRIA e INVERNADA);NOVILLITOS;507
14;IRIONDO;RECRIA;NOVILLITOS;303
14;IRIONDO;CRIA (BUBALINO);NOVILLITOS;12
14;IRIONDO;CRIA/RECRIA DE TERNEROS DE TAMBO;NOVILLITOS;21
14;IRIONDO;DE TRABAJO;NOVILLITOS;41
14;IRIONDO;TAMBO - AGRICULTURA FAMILIAR;NOVILLITOS;3
14;IRIONDO;INVERNADA;TERNERAS;1910
14;IRIONDO;ENGORDE CORRAL C/CONFINAMIENTO;TERNERAS;2440
14;IRIONDO;CRIA;TERNERAS;2483
14;IRIONDO;TAMBO;TERNERAS;4738
14;IRIONDO;CABAÑA;TERNERAS;30
14;IRIONDO;PROVEEDOR DE TERNEROS DE TAMBO;TERNERAS;92
14;IRIONDO;CICLO COMPLETO (CRIA e INVERNADA);TERNERAS;438
14;IRIONDO;AGRICULTURA FAMILIAR;TERNERAS;9
14;IRIONDO;RECRIA;TERNERAS;362
14;IRIONDO;CRIA (BUBALINO);TERNERAS;8
14;IRIONDO;CRIA/RECRIA DE TERNEROS DE TAMBO;TERNERAS;448
14;IRIONDO;TAMBO - AGRICULTURA FAMILIAR;TERNERAS;3
14;IRIONDO;INVERNADA;TERNEROS;2274
14;IRIONDO;ENGORDE CORRAL C/CONFINAMIENTO;TERNEROS;743
14;IRIONDO;CRIA;TERNEROS;1858
14;IRIONDO;TAMBO;TERNEROS;1423
14;IRIONDO;CABAÑA;TERNEROS;8
14;IRIONDO;PROVEEDOR DE TERNEROS DE TAMBO;TERNEROS;31
14;IRIONDO;CICLO COMPLETO (CRIA e INVERNADA);TERNEROS;328
14;IRIONDO;AGRICULTURA FAMILIAR;TERNEROS;5
14;IRIONDO;RECRIA;TERNEROS;137
14;IRIONDO;CRIA (BUBALINO);TERNEROS;6
14;IRIONDO;CRIA/RECRIA DE TERNEROS DE TAMBO;TERNEROS;162
14;IRIONDO;TAMBO - AGRICULTURA FAMILIAR;TERNEROS;13
14;IRIONDO;INVERNADA;TOROS;189
14;IRIONDO;ENGORDE CORRAL C/CONFINAMIENTO;TOROS;19
14;IRIONDO;CRIA;TOROS;483
14;IRIONDO;TAMBO;TOROS;111
14;IRIONDO;CABAÑA;TOROS;6
14;IRIONDO;CICLO COMPLETO (CRIA e INVERNADA);TOROS;51
14;IRIONDO;AGRICULTURA FAMILIAR;TOROS;2
14;IRIONDO;RECRIA;TOROS;19
14;IRIONDO;CRIA (BUBALINO);TOROS;1
14;IRIONDO;CRIA/RECRIA DE TERNEROS DE TAMBO;TOROS;1
14;IRIONDO;TAMBO - AGRICULTURA FAMILIAR;TOROS;1
14;IRIONDO;INVERNADA;TORITOS;202
14;IRIONDO;ENGORDE CORRAL C/CONFINAMIENTO;TORITOS;185
14;IRIONDO;CRIA;TORITOS;411
14;IRIONDO;TAMBO;TORITOS;48
14;IRIONDO;CABAÑA;TORITOS;65
14;IRIONDO;CICLO COMPLETO (CRIA e INVERNADA);TORITOS;55
14;IRIONDO;TAMBO - AGRICULTURA FAMILIAR;TORITOS;1
14;IRIONDO;ENGORDE CORRAL C/CONFINAMIENTO;BUEYES;4
10;LA CAPITAL;INVERNADA;VACAS;7030
10;LA CAPITAL;ENGORDE CORRAL C/CONFINAMIENTO;VACAS;371
10;LA CAPITAL;CRIA;VACAS;28848
10;LA CAPITAL;TAMBO;VACAS;10091
10;LA CAPITAL;CICLO COMPLETO (CRIA e INVERNADA);VACAS;4561
10;LA CAPITAL;RECRIA;VACAS;199
10;LA CAPITAL;SUBSISTENCIA;VACAS;299
10;LA CAPITAL;INVERNADA (BUBALINO);VACAS;1
10;LA CAPITAL;CRIA (BUBALINO);VACAS;162
10;LA CAPITAL;CRIA/RECRIA DE TERNEROS DE TAMBO;VACAS;28
10;LA CAPITAL;CICLO COMPLETO (CRIA e INVERNADA) (BUBALINO);VACAS;254
10;LA CAPITAL;INVERNADA;VAQUILLONAS;3733
10;LA CAPITAL;ENGORDE CORRAL C/CONFINAMIENTO;VAQUILLONAS;1007
10;LA CAPITAL;CRIA;VAQUILLONAS;10728
10;LA CAPITAL;TAMBO;VAQUILLONAS;5412
10;LA CAPITAL;CICLO COMPLETO (CRIA e INVERNADA);VAQUILLONAS;2012
10;LA CAPITAL;RECRIA;VAQUILLONAS;99
10;LA CAPITAL;SUBSISTENCIA;VAQUILLONAS;60
10;LA CAPITAL;INVERNADA (BUBALINO);VAQUILLONAS;2
10;LA CAPITAL;CRIA (BUBALINO);VAQUILLONAS;85
10;LA CAPITAL;CRIA/RECRIA DE TERNEROS DE TAMBO;VAQUILLONAS;6
10;LA CAPITAL;CICLO COMPLETO (CRIA e INVERNADA) (BUBALINO);VAQUILLONAS;1
10;LA CAPITAL;INVERNADA;NOVILLOS;4570
10;LA CAPITAL;ENGORDE CORRAL C/CONFINAMIENTO;NOVILLOS;208
10;LA CAPITAL;CRIA;NOVILLOS;3963
10;LA CAPITAL;TAMBO;NOVILLOS;262
10;LA CAPITAL;CICLO COMPLETO (CRIA e INVERNADA);NOVILLOS;823
10;LA CAPITAL;RECRIA;NOVILLOS;162
10;LA CAPITAL;SUBSISTENCIA;NOVILLOS;1
10;LA CAPITAL;INVERNADA (BUBALINO);NOVILLOS;1
10;LA CAPITAL;CRIA (BUBALINO);NOVILLOS;6
10;LA CAPITAL;CRIA/RECRIA DE TERNEROS DE TAMBO;NOVILLOS;12
10;LA CAPITAL;INVERNADA;NOVILLITOS;10293
10;LA CAPITAL;ENGORDE CORRAL C/CONFINAMIENTO;NOVILLITOS;1370
10;LA CAPITAL;CRIA;NOVILLITOS;8296
10;LA CAPITAL;TAMBO;NOVILLITOS;1070
10;LA CAPITAL;CICLO COMPLETO (CRIA e INVERNADA);NOVILLITOS;2235
10;LA CAPITAL;RECRIA;NOVILLITOS;55
10;LA CAPITAL;SUBSISTENCIA;NOVILLITOS;38
10;LA CAPITAL;CRIA (BUBALINO);NOVILLITOS;75
10;LA CAPITAL;CRIA/RECRIA DE TERNEROS DE TAMBO;NOVILLITOS;2
10;LA CAPITAL;CICLO COMPLETO (CRIA e INVERNADA) (BUBALINO);NOVILLITOS;2
10;LA CAPITAL;INVERNADA;TERNERAS;2188
10;LA CAPITAL;ENGORDE CORRAL C/CONFINAMIENTO;TERNERAS;471
10;LA CAPITAL;CRIA;TERNERAS;6390
10;LA CAPITAL;TAMBO;TERNERAS;3226
10;LA CAPITAL;CICLO COMPLETO (CRIA e INVERNADA);TERNERAS;947
10;LA CAPITAL;RECRIA;TERNERAS;90
10;LA CAPITAL;SUBSISTENCIA;TERNERAS;43
10;LA CAPITAL;CRIA (BUBALINO);TERNERAS;14
10;LA CAPITAL;CRIA/RECRIA DE TERNEROS DE TAMBO;TERNERAS;6
10;LA CAPITAL;CICLO COMPLETO (CRIA e INVERNADA) (BUBALINO);TERNERAS;12
10;LA CAPITAL;INVERNADA;TERNEROS;2313
10;LA CAPITAL;ENGORDE CORRAL C/CONFINAMIENTO;TERNEROS;566
10;LA CAPITAL;CRIA;TERNEROS;6288
10;LA CAPITAL;TAMBO;TERNEROS;1912
10;LA CAPITAL;CICLO COMPLETO (CRIA e INVERNADA);TERNEROS;977
10;LA CAPITAL;RECRIA;TERNEROS;82
10;LA CAPITAL;SUBSISTENCIA;TERNEROS;64
10;LA CAPITAL;CRIA (BUBALINO);TERNEROS;21
10;LA CAPITAL;CRIA/RECRIA DE TERNEROS DE TAMBO;TERNEROS;5
10;LA CAPITAL;CICLO COMPLETO (CRIA e INVERNADA) (BUBALINO);TERNEROS;27
10;LA CAPITAL;INVERNADA;TOROS;339
10;LA CAPITAL;ENGORDE CORRAL C/CONFINAMIENTO;TOROS;4
10;LA CAPITAL;CRIA;TOROS;1106
10;LA CAPITAL;TAMBO;TOROS;147
10;LA CAPITAL;CICLO COMPLETO (CRIA e INVERNADA);TOROS;136
10;LA CAPITAL;RECRIA;TOROS;1
10;LA CAPITAL;SUBSISTENCIA;TOROS;8
10;LA CAPITAL;INVERNADA (BUBALINO);TOROS;1
10;LA CAPITAL;CRIA (BUBALINO);TOROS;8
10;LA CAPITAL;CRIA/RECRIA DE TERNEROS DE TAMBO;TOROS;2
10;LA CAPITAL;CICLO COMPLETO (CRIA e INVERNADA) (BUBALINO);TOROS;5
10;LA CAPITAL;INVERNADA;TORITOS;127
10;LA CAPITAL;ENGORDE CORRAL C/CONFINAMIENTO;TORITOS;6
10;LA CAPITAL;CRIA;TORITOS;359
10;LA CAPITAL;TAMBO;TORITOS;47
10;LA CAPITAL;CICLO COMPLETO (CRIA e INVERNADA);TORITOS;31
10;LA CAPITAL;SUBSISTENCIA;TORITOS;1
10;LA CAPITAL;CRIA (BUBALINO);TORITOS;1
09;LAS COLONIAS;INVERNADA;VACAS;14709
09;LAS COLONIAS;ENGORDE CORRAL C/CONFINAMIENTO;VACAS;220
09;LAS COLONIAS;CRIA;VACAS;63056
09;LAS COLONIAS;TAMBO;VACAS;97851
09;LAS COLONIAS;CABAÑA;VACAS;3645
09;LAS COLONIAS;PROVEEDOR DE TERNEROS DE TAMBO;VACAS;1339
09;LAS COLONIAS;RECRIA;VACAS;7291
09;LAS COLONIAS;SUBSISTENCIA;VACAS;14
09;LAS COLONIAS;CRIA (BUBALINO);VACAS;27
09;LAS COLONIAS;INVERNADA;VAQUILLONAS;8709
09;LAS COLONIAS;ENGORDE CORRAL C/CONFINAMIENTO;VAQUILLONAS;13
09;LAS COLONIAS;CRIA;VAQUILLONAS;23113
09;LAS COLONIAS;TAMBO;VAQUILLONAS;57516
09;LAS COLONIAS;CABAÑA;VAQUILLONAS;4427
09;LAS COLONIAS;PROVEEDOR DE TERNEROS DE TAMBO;VAQUILLONAS;976
09;LAS COLONIAS;RECRIA;VAQUILLONAS;7372
09;LAS COLONIAS;SUBSISTENCIA;VAQUILLONAS;2
09;LAS COLONIAS;DE TRABAJO;VAQUILLONAS;2
09;LAS COLONIAS;INVERNADA;NOVILLOS;6691
09;LAS COLONIAS;ENGORDE CORRAL C/CONFINAMIENTO;NOVILLOS;44
09;LAS COLONIAS;CRIA;NOVILLOS;3066
09;LAS COLONIAS;TAMBO;NOVILLOS;1680
09;LAS COLONIAS;RECRIA;NOVILLOS;676
09;LAS COLONIAS;INVERNADA;NOVILLITOS;18245
09;LAS COLONIAS;ENGORDE CORRAL C/CONFINAMIENTO;NOVILLITOS;890
09;LAS COLONIAS;CRIA;NOVILLITOS;9741
09;LAS COLONIAS;TAMBO;NOVILLITOS;7432
09;LAS COLONIAS;CABAÑA;NOVILLITOS;151
09;LAS COLONIAS;RECRIA;NOVILLITOS;1857
09;LAS COLONIAS;SUBSISTENCIA;NOVILLITOS;12
09;LAS COLONIAS;INVERNADA;TERNERAS;5865
09;LAS COLONIAS;ENGORDE CORRAL C/CONFINAMIENTO;TERNERAS;159
09;LAS COLONIAS;CRIA;TERNERAS;13462
09;LAS COLONIAS;TAMBO;TERNERAS;30276
09;LAS COLONIAS;CABAÑA;TERNERAS;340
09;LAS COLONIAS;PROVEEDOR DE TERNEROS DE TAMBO;TERNERAS;536
09;LAS COLONIAS;RECRIA;TERNERAS;3257
09;LAS COLONIAS;SUBSISTENCIA;TERNERAS;5
09;LAS COLONIAS;CRIA (BUBALINO);TERNERAS;13
09;LAS COLONIAS;INVERNADA;TERNEROS;8292
09;LAS COLONIAS;ENGORDE CORRAL C/CONFINAMIENTO;TERNEROS;406
09;LAS COLONIAS;CRIA;TERNEROS;11431
09;LAS COLONIAS;TAMBO;TERNEROS;16968
09;LAS COLONIAS;CABAÑA;TERNEROS;209
09;LAS COLONIAS;PROVEEDOR DE TERNEROS DE TAMBO;TERNEROS;17
09;LAS COLONIAS;RECRIA;TERNEROS;1958
09;LAS COLONIAS;SUBSISTENCIA;TERNEROS;2
09;LAS COLONIAS;CRIA (BUBALINO);TERNEROS;7
09;LAS COLONIAS;INVERNADA;TOROS;606
09;LAS COLONIAS;ENGORDE CORRAL C/CONFINAMIENTO;TOROS;5
09;LAS COLONIAS;CRIA;TOROS;2333
09;LAS COLONIAS;TAMBO;TOROS;1513
09;LAS COLONIAS;CABAÑA;TOROS;180
09;LAS COLONIAS;RECRIA;TOROS;273
09;LAS COLONIAS;SUBSISTENCIA;TOROS;1
09;LAS COLONIAS;INVERNADA;TORITOS;326
09;LAS COLONIAS;ENGORDE CORRAL C/CONFINAMIENTO;TORITOS;2
09;LAS COLONIAS;CRIA;TORITOS;3413
09;LAS COLONIAS;TAMBO;TORITOS;697
09;LAS COLONIAS;CABAÑA;TORITOS;932
09;LAS COLONIAS;RECRIA;TORITOS;151
09;LAS COLONIAS;SUBSISTENCIA;TORITOS;1
09;LAS COLONIAS;CRIA;BUEYES;8
01;NUEVE DE JULIO;INVERNADA;VACAS;35899
01;NUEVE DE JULIO;CRIA;VACAS;168120
01;NUEVE DE JULIO;TAMBO;VACAS;1653
01;NUEVE DE JULIO;CABAÑA;VACAS;1402
01;NUEVE DE JULIO;CICLO COMPLETO (CRIA e INVERNADA);VACAS;16542
01;NUEVE DE JULIO;RECRIA;VACAS;13428
01;NUEVE DE JULIO;INVERNADA (BUBALINO);VACAS;10
01;NUEVE DE JULIO;CRIA (BUBALINO);VACAS;1699
01;NUEVE DE JULIO;RECRIA (BUBALINO);VACAS;82
01;NUEVE DE JULIO;INVERNADA;VAQUILLONAS;12895
01;NUEVE DE JULIO;CRIA;VAQUILLONAS;39397
01;NUEVE DE JULIO;TAMBO;VAQUILLONAS;572
01;NUEVE DE JULIO;CABAÑA;VAQUILLONAS;2643
01;NUEVE DE JULIO;CICLO COMPLETO (CRIA e INVERNADA);VAQUILLONAS;6164
01;NUEVE DE JULIO;RECRIA;VAQUILLONAS;4440
01;NUEVE DE JULIO;CRIA (BUBALINO);VAQUILLONAS;142
01;NUEVE DE JULIO;RECRIA (BUBALINO);VAQUILLONAS;8
01;NUEVE DE JULIO;INVERNADA;NOVILLOS;6209
01;NUEVE DE JULIO;CRIA;NOVILLOS;12923
01;NUEVE DE JULIO;CICLO COMPLETO (CRIA e INVERNADA);NOVILLOS;1027
01;NUEVE DE JULIO;RECRIA;NOVILLOS;2470
01;NUEVE DE JULIO;INVERNADA (BUBALINO);NOVILLOS;1
01;NUEVE DE JULIO;CRIA (BUBALINO);NOVILLOS;152
01;NUEVE DE JULIO;RECRIA (BUBALINO);NOVILLOS;6
01;NUEVE DE JULIO;INVERNADA;NOVILLITOS;17603
01;NUEVE DE JULIO;CRIA;NOVILLITOS;30045
01;NUEVE DE JULIO;TAMBO;NOVILLITOS;118
01;NUEVE DE JULIO;CABAÑA;NOVILLITOS;19
01;NUEVE DE JULIO;CICLO COMPLETO (CRIA e INVERNADA);NOVILLITOS;5106
01;NUEVE DE JULIO;RECRIA;NOVILLITOS;4350
01;NUEVE DE JULIO;INVERNADA (BUBALINO);NOVILLITOS;2
01;NUEVE DE JULIO;CRIA (BUBALINO);NOVILLITOS;114
01;NUEVE DE JULIO;RECRIA (BUBALINO);NOVILLITOS;9
01;NUEVE DE JULIO;INVERNADA;TERNERAS;8274
01;NUEVE DE JULIO;ENGORDE CORRAL C/CONFINAMIENTO;TERNERAS;220
01;NUEVE DE JULIO;CRIA;TERNERAS;33991
01;NUEVE DE JULIO;TAMBO;TERNERAS;340
01;NUEVE DE JULIO;CABAÑA;TERNERAS;1410
01;NUEVE DE JULIO;CICLO COMPLETO (CRIA e INVERNADA);TERNERAS;4434
01;NUEVE DE JULIO;RECRIA;TERNERAS;3997
01;NUEVE DE JULIO;INVERNADA (BUBALINO);TERNERAS;1
01;NUEVE DE JULIO;CRIA (BUBALINO);TERNERAS;267
01;NUEVE DE JULIO;RECRIA (BUBALINO);TERNERAS;15
01;NUEVE DE JULIO;INVERNADA;TERNEROS;10704
01;NUEVE DE JULIO;CRIA;TERNEROS;29950
01;NUEVE DE JULIO;TAMBO;TERNEROS;320
01;NUEVE DE JULIO;CABAÑA;TERNEROS;477
01;NUEVE DE JULIO;CICLO COMPLETO (CRIA e INVERNADA);TERNEROS;3539
01;NUEVE DE JULIO;RECRIA;TERNEROS;3446
01;NUEVE DE JULIO;INVERNADA (BUBALINO);TERNEROS;1
01;NUEVE DE JULIO;CRIA (BUBALINO);TERNEROS;290
01;NUEVE DE JULIO;RECRIA (BUBALINO);TERNEROS;9
01;NUEVE DE JULIO;INVERNADA;TOROS;1587
01;NUEVE DE JULIO;CRIA;TOROS;6262
01;NUEVE DE JULIO;TAMBO;TOROS;27
01;NUEVE DE JULIO;CABAÑA;TOROS;223
01;NUEVE DE JULIO;CICLO COMPLETO (CRIA e INVERNADA);TOROS;582
01;NUEVE DE JULIO;RECRIA;TOROS;926
01;NUEVE DE JULIO;INVERNADA (BUBALINO);TOROS;2
01;NUEVE DE JULIO;CRIA (BUBALINO);TOROS;66
01;NUEVE DE JULIO;RECRIA (BUBALINO);TOROS;3
01;NUEVE DE JULIO;INVERNADA;TORITOS;511
01;NUEVE DE JULIO;CRIA;TORITOS;2506
01;NUEVE DE JULIO;CABAÑA;TORITOS;416
01;NUEVE DE JULIO;CICLO COMPLETO (CRIA e INVERNADA);TORITOS;237
01;NUEVE DE JULIO;RECRIA;TORITOS;295
16;ROSARIO;INVERNADA;VACAS;2093
16;ROSARIO;ENGORDE CORRAL C/CONFINAMIENTO;VACAS;2836
16;ROSARIO;CRIA;VACAS;8909
16;ROSARIO;TAMBO;VACAS;265
16;ROSARIO;CABAÑA;VACAS;117
16;ROSARIO;CICLO COMPLETO (CRIA e INVERNADA);VACAS;701
16;ROSARIO;RECRIA;VACAS;199
16;ROSARIO;SUBSISTENCIA;VACAS;1
16;ROSARIO;CRIA (BUBALINO);VACAS;9
16;ROSARIO;INVERNADA;VAQUILLONAS;2350
16;ROSARIO;ENGORDE CORRAL C/CONFINAMIENTO;VAQUILLONAS;4983
16;ROSARIO;CRIA;VAQUILLONAS;3261
16;ROSARIO;TAMBO;VAQUILLONAS;235
16;ROSARIO;CABAÑA;VAQUILLONAS;29
16;ROSARIO;CICLO COMPLETO (CRIA e INVERNADA);VAQUILLONAS;179
16;ROSARIO;RECRIA;VAQUILLONAS;471
16;ROSARIO;SUBSISTENCIA;VAQUILLONAS;3
16;ROSARIO;CRIA (BUBALINO);VAQUILLONAS;2
16;ROSARIO;INVERNADA;NOVILLOS;464
16;ROSARIO;ENGORDE CORRAL C/CONFINAMIENTO;NOVILLOS;2061
16;ROSARIO;CRIA;NOVILLOS;702
16;ROSARIO;CICLO COMPLETO (CRIA e INVERNADA);NOVILLOS;91
16;ROSARIO;RECRIA;NOVILLOS;186
16;ROSARIO;INVERNADA;NOVILLITOS;3225
16;ROSARIO;ENGORDE CORRAL C/CONFINAMIENTO;NOVILLITOS;5196
16;ROSARIO;CRIA;NOVILLITOS;2130
16;ROSARIO;TAMBO;NOVILLITOS;27
16;ROSARIO;CICLO COMPLETO (CRIA e INVERNADA);NOVILLITOS;198
16;ROSARIO;RECRIA;NOVILLITOS;937
16;ROSARIO;CRIA (BUBALINO);NOVILLITOS;1
16;ROSARIO;INVERNADA;TERNERAS;1070
16;ROSARIO;ENGORDE CORRAL C/CONFINAMIENTO;TERNERAS;2119
16;ROSARIO;CRIA;TERNERAS;2202
16;ROSARIO;TAMBO;TERNERAS;39
16;ROSARIO;CABAÑA;TERNERAS;48
16;ROSARIO;CICLO COMPLETO (CRIA e INVERNADA);TERNERAS;83
16;ROSARIO;RECRIA;TERNERAS;209
16;ROSARIO;CRIA (BUBALINO);TERNERAS;3
16;ROSARIO;INVERNADA;TERNEROS;1335
16;ROSARIO;ENGORDE CORRAL C/CONFINAMIENTO;TERNEROS;1472
16;ROSARIO;CRIA;TERNEROS;1911
16;ROSARIO;TAMBO;TERNEROS;34
16;ROSARIO;CABAÑA;TERNEROS;42
16;ROSARIO;CICLO COMPLETO (CRIA e INVERNADA);TERNEROS;101
16;ROSARIO;RECRIA;TERNEROS;331
16;ROSARIO;CRIA (BUBALINO);TERNEROS;15
16;ROSARIO;INVERNADA;TOROS;109
16;ROSARIO;ENGORDE CORRAL C/CONFINAMIENTO;TOROS;41
16;ROSARIO;CRIA;TOROS;368
16;ROSARIO;TAMBO;TOROS;6
16;ROSARIO;CABAÑA;TOROS;15
16;ROSARIO;CICLO COMPLETO (CRIA e INVERNADA);TOROS;24
16;ROSARIO;RECRIA;TOROS;9
16;ROSARIO;SUBSISTENCIA;TOROS;1
16;ROSARIO;INVERNADA;TORITOS;83
16;ROSARIO;ENGORDE CORRAL C/CONFINAMIENTO;TORITOS;162
16;ROSARIO;CRIA;TORITOS;76
16;ROSARIO;TAMBO;TORITOS;2
16;ROSARIO;CABAÑA;TORITOS;13
16;ROSARIO;CICLO COMPLETO (CRIA e INVERNADA);TORITOS;18
16;ROSARIO;RECRIA;TORITOS;13
16;ROSARIO;CRIA (BUBALINO);TORITOS;1
07;SAN CRISTOBAL;INVERNADA;VACAS;92754
07;SAN CRISTOBAL;ENGORDE CORRAL C/CONFINAMIENTO;VACAS;298
07;SAN CRISTOBAL;CRIA;VACAS;200648
07;SAN CRISTOBAL;TAMBO;VACAS;80817
07;SAN CRISTOBAL;CABAÑA;VACAS;1548
07;SAN CRISTOBAL;CICLO COMPLETO (CRIA e INVERNADA);VACAS;947
07;SAN CRISTOBAL;AGRICULTURA FAMILIAR;VACAS;3
07;SAN CRISTOBAL;RECRIA;VACAS;25375
07;SAN CRISTOBAL;SUBSISTENCIA;VACAS;14
07;SAN CRISTOBAL;INVERNADA (BUBALINO);VACAS;416
07;SAN CRISTOBAL;CRIA (BUBALINO);VACAS;1933
07;SAN CRISTOBAL;CENTRO DE COLECTA Y PROCESAMIENTO DE SEMEN;VACAS;3
07;SAN CRISTOBAL;DE TRABAJO;VACAS;4
07;SAN CRISTOBAL;ALQUILER REPRODUCTORES;VACAS;8
07;SAN CRISTOBAL;RECRIA (BUBALINO);VACAS;96
07;SAN CRISTOBAL;INVERNADA;VAQUILLONAS;43446
07;SAN CRISTOBAL;ENGORDE CORRAL C/CONFINAMIENTO;VAQUILLONAS;201
07;SAN CRISTOBAL;CRIA;VAQUILLONAS;62660
07;SAN CRISTOBAL;GUACHERAS COMUNITARIAS;VAQUILLONAS;25
07;SAN CRISTOBAL;TAMBO;VAQUILLONAS;36458
07;SAN CRISTOBAL;CABAÑA;VAQUILLONAS;497
07;SAN CRISTOBAL;CICLO COMPLETO (CRIA e INVERNADA);VAQUILLONAS;502
07;SAN CRISTOBAL;AGRICULTURA FAMILIAR;VAQUILLONAS;1
07;SAN CRISTOBAL;RECRIA;VAQUILLONAS;16540
07;SAN CRISTOBAL;SUBSISTENCIA;VAQUILLONAS;4
07;SAN CRISTOBAL;INVERNADA (BUBALINO);VAQUILLONAS;154
07;SAN CRISTOBAL;CRIA (BUBALINO);VAQUILLONAS;282
07;SAN CRISTOBAL;DE TRABAJO;VAQUILLONAS;4
07;SAN CRISTOBAL;RECRIA (BUBALINO);VAQUILLONAS;83
07;SAN CRISTOBAL;INVERNADA;NOVILLOS;26811
07;SAN CRISTOBAL;ENGORDE CORRAL C/CONFINAMIENTO;NOVILLOS;839
07;SAN CRISTOBAL;CRIA;NOVILLOS;18629
07;SAN CRISTOBAL;TAMBO;NOVILLOS;933
07;SAN CRISTOBAL;CABAÑA;NOVILLOS;28
07;SAN CRISTOBAL;CICLO COMPLETO (CRIA e INVERNADA);NOVILLOS;50
07;SAN CRISTOBAL;RECRIA;NOVILLOS;3589
07;SAN CRISTOBAL;INVERNADA (BUBALINO);NOVILLOS;2
07;SAN CRISTOBAL;CRIA (BUBALINO);NOVILLOS;335
07;SAN CRISTOBAL;RECRIA (BUBALINO);NOVILLOS;45
07;SAN CRISTOBAL;INVERNADA;NOVILLITOS;64103
07;SAN CRISTOBAL;ENGORDE CORRAL C/CONFINAMIENTO;NOVILLITOS;1196
07;SAN CRISTOBAL;CRIA;NOVILLITOS;41080
07;SAN CRISTOBAL;TAMBO;NOVILLITOS;5798
07;SAN CRISTOBAL;CICLO COMPLETO (CRIA e INVERNADA);NOVILLITOS;73
07;SAN CRISTOBAL;RECRIA;NOVILLITOS;10166
07;SAN CRISTOBAL;INVERNADA (BUBALINO);NOVILLITOS;45
07;SAN CRISTOBAL;CRIA (BUBALINO);NOVILLITOS;309
07;SAN CRISTOBAL;DE TRABAJO;NOVILLITOS;5
07;SAN CRISTOBAL;RECRIA (BUBALINO);NOVILLITOS;13
07;SAN CRISTOBAL;INVERNADA;TERNERAS;24865
07;SAN CRISTOBAL;ENGORDE CORRAL C/CONFINAMIENTO;TERNERAS;190
07;SAN CRISTOBAL;CRIA;TERNERAS;40441
07;SAN CRISTOBAL;TAMBO;TERNERAS;23860
07;SAN CRISTOBAL;CABAÑA;TERNERAS;386
07;SAN CRISTOBAL;CICLO COMPLETO (CRIA e INVERNADA);TERNERAS;344
07;SAN CRISTOBAL;RECRIA;TERNERAS;8642
07;SAN CRISTOBAL;SUBSISTENCIA;TERNERAS;2
07;SAN CRISTOBAL;INVERNADA (BUBALINO);TERNERAS;152
07;SAN CRISTOBAL;CRIA (BUBALINO);TERNERAS;386
07;SAN CRISTOBAL;DE TRABAJO;TERNERAS;4
07;SAN CRISTOBAL;RECRIA (BUBALINO);TERNERAS;5
07;SAN CRISTOBAL;INVERNADA;TERNEROS;31879
07;SAN CRISTOBAL;ENGORDE CORRAL C/CONFINAMIENTO;TERNEROS;1542
07;SAN CRISTOBAL;CRIA;TERNEROS;37437
07;SAN CRISTOBAL;GUACHERAS COMUNITARIAS;TERNEROS;2
07;SAN CRISTOBAL;TAMBO;TERNEROS;15476
07;SAN CRISTOBAL;CABAÑA;TERNEROS;389
07;SAN CRISTOBAL;CICLO COMPLETO (CRIA e INVERNADA);TERNEROS;247
07;SAN CRISTOBAL;AGRICULTURA FAMILIAR;TERNEROS;2
07;SAN CRISTOBAL;RECRIA;TERNEROS;7737
07;SAN CRISTOBAL;SUBSISTENCIA;TERNEROS;2
07;SAN CRISTOBAL;INVERNADA (BUBALINO);TERNEROS;98
07;SAN CRISTOBAL;CRIA (BUBALINO);TERNEROS;375
07;SAN CRISTOBAL;DE TRABAJO;TERNEROS;1
07;SAN CRISTOBAL;RECRIA (BUBALINO);TERNEROS;4
07;SAN CRISTOBAL;INVERNADA;TOROS;3616
07;SAN CRISTOBAL;ENGORDE CORRAL C/CONFINAMIENTO;TOROS;20
07;SAN CRISTOBAL;CRIA;TOROS;7909
07;SAN CRISTOBAL;TAMBO;TOROS;1578
07;SAN CRISTOBAL;CABAÑA;TOROS;299
07;SAN CRISTOBAL;CICLO COMPLETO (CRIA e INVERNADA);TOROS;38
07;SAN CRISTOBAL;RECRIA;TOROS;917
07;SAN CRISTOBAL;SUBSISTENCIA;TOROS;1
07;SAN CRISTOBAL;INVERNADA (BUBALINO);TOROS;16
07;SAN CRISTOBAL;CRIA (BUBALINO);TOROS;41
07;SAN CRISTOBAL;CENTRO DE COLECTA Y PROCESAMIENTO DE SEMEN;TOROS;4
07;SAN CRISTOBAL;RECRIA (BUBALINO);TOROS;1
07;SAN CRISTOBAL;INVERNADA;TORITOS;1364
07;SAN CRISTOBAL;ENGORDE CORRAL C/CONFINAMIENTO;TORITOS;9
07;SAN CRISTOBAL;CRIA;TORITOS;2452
07;SAN CRISTOBAL;TAMBO;TORITOS;782
07;SAN CRISTOBAL;CABAÑA;TORITOS;517
07;SAN CRISTOBAL;CICLO COMPLETO (CRIA e INVERNADA);TORITOS;6
07;SAN CRISTOBAL;RECRIA;TORITOS;480
07;SAN CRISTOBAL;INVERNADA (BUBALINO);TORITOS;6
07;SAN CRISTOBAL;CRIA (BUBALINO);TORITOS;43
07;SAN CRISTOBAL;CRIA;BUEYES;1
04;SAN JAVIER;INVERNADA;VACAS;15740
04;SAN JAVIER;CRIA;VACAS;119949
04;SAN JAVIER;TAMBO;VACAS;456
04;SAN JAVIER;CICLO COMPLETO (CRIA e INVERNADA);VACAS;601
04;SAN JAVIER;AGRICULTURA FAMILIAR;VACAS;26
04;SAN JAVIER;RECRIA;VACAS;3918
04;SAN JAVIER;SUBSISTENCIA;VACAS;6
04;SAN JAVIER;INVERNADA (BUBALINO);VACAS;1
04;SAN JAVIER;CRIA (BUBALINO);VACAS;223
04;SAN JAVIER;INVERNADA;VAQUILLONAS;5741
04;SAN JAVIER;CRIA;VAQUILLONAS;31013
04;SAN JAVIER;TAMBO;VAQUILLONAS;137
04;SAN JAVIER;CICLO COMPLETO (CRIA e INVERNADA);VAQUILLONAS;173
04;SAN JAVIER;RECRIA;VAQUILLONAS;1967
04;SAN JAVIER;CRIA (BUBALINO);VAQUILLONAS;20
04;SAN JAVIER;INVERNADA;NOVILLOS;6166
04;SAN JAVIER;CRIA;NOVILLOS;22060
04;SAN JAVIER;CICLO COMPLETO (CRIA e INVERNADA);NOVILLOS;491
04;SAN JAVIER;RECRIA;NOVILLOS;1180
04;SAN JAVIER;INVERNADA (BUBALINO);NOVILLOS;97
04;SAN JAVIER;CRIA (BUBALINO);NOVILLOS;6
04;SAN JAVIER;INVERNADA;NOVILLITOS;9803
04;SAN JAVIER;CRIA;NOVILLITOS;29770
04;SAN JAVIER;TAMBO;NOVILLITOS;33
04;SAN JAVIER;CICLO COMPLETO (CRIA e INVERNADA);NOVILLITOS;734
04;SAN JAVIER;RECRIA;NOVILLITOS;1845
04;SAN JAVIER;CRIA (BUBALINO);NOVILLITOS;8
04;SAN JAVIER;INVERNADA;TERNERAS;2572
04;SAN JAVIER;CRIA;TERNERAS;16865
04;SAN JAVIER;TAMBO;TERNERAS;133
04;SAN JAVIER;CICLO COMPLETO (CRIA e INVERNADA);TERNERAS;95
04;SAN JAVIER;AGRICULTURA FAMILIAR;TERNERAS;7
04;SAN JAVIER;RECRIA;TERNERAS;634
04;SAN JAVIER;SUBSISTENCIA;TERNERAS;2
04;SAN JAVIER;CRIA (BUBALINO);TERNERAS;52
04;SAN JAVIER;INVERNADA;TERNEROS;2991
04;SAN JAVIER;CRIA;TERNEROS;16545
04;SAN JAVIER;TAMBO;TERNEROS;66
04;SAN JAVIER;CICLO COMPLETO (CRIA e INVERNADA);TERNEROS;102
04;SAN JAVIER;AGRICULTURA FAMILIAR;TERNEROS;9
04;SAN JAVIER;RECRIA;TERNEROS;459
04;SAN JAVIER;SUBSISTENCIA;TERNEROS;4
04;SAN JAVIER;CRIA (BUBALINO);TERNEROS;68
04;SAN JAVIER;INVERNADA;TOROS;697
04;SAN JAVIER;CRIA;TOROS;5067
04;SAN JAVIER;TAMBO;TOROS;3
04;SAN JAVIER;CICLO COMPLETO (CRIA e INVERNADA);TOROS;25
04;SAN JAVIER;AGRICULTURA FAMILIAR;TOROS;1
04;SAN JAVIER;RECRIA;TOROS;134
04;SAN JAVIER;SUBSISTENCIA;TOROS;1
04;SAN JAVIER;CRIA (BUBALINO);TOROS;4
04;SAN JAVIER;INVERNADA;TORITOS;92
04;SAN JAVIER;CRIA;TORITOS;970
04;SAN JAVIER;TAMBO;TORITOS;1
04;SAN JAVIER;RECRIA;TORITOS;19
04;SAN JAVIER;CRIA (BUBALINO);TORITOS;2
04;SAN JAVIER;CRIA;BUEYES;2
11;SAN JERONIMO;INVERNADA;VACAS;11664
11;SAN JERONIMO;ENGORDE CORRAL C/CONFINAMIENTO;VACAS;218
11;SAN JERONIMO;CRIA;VACAS;34499
11;SAN JERONIMO;TAMBO;VACAS;11562
11;SAN JERONIMO;CABAÑA;VACAS;149
11;SAN JERONIMO;CICLO COMPLETO (CRIA e INVERNADA);VACAS;553
11;SAN JERONIMO;RECRIA;VACAS;521
11;SAN JERONIMO;INVERNADA (BUBALINO);VACAS;903
11;SAN JERONIMO;CRIA/RECRIA DE TERNEROS DE TAMBO;VACAS;327
11;SAN JERONIMO;CICLO COMPLETO (CRIA e INVERNADA) (BUBALINO);VACAS;3
11;SAN JERONIMO;INVERNADA;VAQUILLONAS;7053
11;SAN JERONIMO;ENGORDE CORRAL C/CONFINAMIENTO;VAQUILLONAS;802
11;SAN JERONIMO;CRIA;VAQUILLONAS;14608
11;SAN JERONIMO;TAMBO;VAQUILLONAS;6652
11;SAN JERONIMO;CABAÑA;VAQUILLONAS;87
11;SAN JERONIMO;CICLO COMPLETO (CRIA e INVERNADA);VAQUILLONAS;116
11;SAN JERONIMO;RECRIA;VAQUILLONAS;317
11;SAN JERONIMO;INVERNADA (BUBALINO);VAQUILLONAS;65
11;SAN JERONIMO;CRIA/RECRIA DE TERNEROS DE TAMBO;VAQUILLONAS;260
11;SAN JERONIMO;CICLO COMPLETO (CRIA e INVERNADA) (BUBALINO);VAQUILLONAS;2
11;SAN JERONIMO;INVERNADA;NOVILLOS;7161
11;SAN JERONIMO;ENGORDE CORRAL C/CONFINAMIENTO;NOVILLOS;112
11;SAN JERONIMO;CRIA;NOVILLOS;5257
11;SAN JERONIMO;TAMBO;NOVILLOS;117
11;SAN JERONIMO;CABAÑA;NOVILLOS;12
11;SAN JERONIMO;CICLO COMPLETO (CRIA e INVERNADA);NOVILLOS;157
11;SAN JERONIMO;RECRIA;NOVILLOS;24
11;SAN JERONIMO;INVERNADA (BUBALINO);NOVILLOS;245
11;SAN JERONIMO;CRIA/RECRIA DE TERNEROS DE TAMBO;NOVILLOS;1
11;SAN JERONIMO;CICLO COMPLETO (CRIA e INVERNADA) (BUBALINO);NOVILLOS;2
11;SAN JERONIMO;INVERNADA;NOVILLITOS;13118
11;SAN JERONIMO;ENGORDE CORRAL C/CONFINAMIENTO;NOVILLITOS;1183
11;SAN JERONIMO;CRIA;NOVILLITOS;8910
11;SAN JERONIMO;TAMBO;NOVILLITOS;597
11;SAN JERONIMO;CABAÑA;NOVILLITOS;5
11;SAN JERONIMO;CICLO COMPLETO (CRIA e INVERNADA);NOVILLITOS;141
11;SAN JERONIMO;INVERNADA (BUBALINO);NOVILLITOS;101
11;SAN JERONIMO;CICLO COMPLETO (CRIA e INVERNADA) (BUBALINO);NOVILLITOS;2
11;SAN JERONIMO;INVERNADA;TERNERAS;2683
11;SAN JERONIMO;ENGORDE CORRAL C/CONFINAMIENTO;TERNERAS;813
11;SAN JERONIMO;CRIA;TERNERAS;8036
11;SAN JERONIMO;GUACHERAS COMUNITARIAS;TERNERAS;8
11;SAN JERONIMO;TAMBO;TERNERAS;3162
11;SAN JERONIMO;CABAÑA;TERNERAS;15
11;SAN JERONIMO;CICLO COMPLETO (CRIA e INVERNADA);TERNERAS;172
11;SAN JERONIMO;RECRIA;TERNERAS;126
11;SAN JERONIMO;INVERNADA (BUBALINO);TERNERAS;276
11;SAN JERONIMO;CRIA/RECRIA DE TERNEROS DE TAMBO;TERNERAS;125
11;SAN JERONIMO;CICLO COMPLETO (CRIA e INVERNADA) (BUBALINO);TERNERAS;1
11;SAN JERONIMO;INVERNADA;TERNEROS;4035
11;SAN JERONIMO;ENGORDE CORRAL C/CONFINAMIENTO;TERNEROS;922
11;SAN JERONIMO;CRIA;TERNEROS;8488
11;SAN JERONIMO;GUACHERAS COMUNITARIAS;TERNEROS;15
11;SAN JERONIMO;TAMBO;TERNEROS;1618
11;SAN JERONIMO;CABAÑA;TERNEROS;17
11;SAN JERONIMO;CICLO COMPLETO (CRIA e INVERNADA);TERNEROS;214
11;SAN JERONIMO;RECRIA;TERNEROS;12
11;SAN JERONIMO;INVERNADA (BUBALINO);TERNEROS;148
11;SAN JERONIMO;CICLO COMPLETO (CRIA e INVERNADA) (BUBALINO);TERNEROS;2
11;SAN JERONIMO;INVERNADA;TOROS;428
11;SAN JERONIMO;ENGORDE CORRAL C/CONFINAMIENTO;TOROS;12
11;SAN JERONIMO;CRIA;TOROS;1517
11;SAN JERONIMO;TAMBO;TOROS;151
11;SAN JERONIMO;CABAÑA;TOROS;14
11;SAN JERONIMO;CICLO COMPLETO (CRIA e INVERNADA);TOROS;13
11;SAN JERONIMO;RECRIA;TOROS;15
11;SAN JERONIMO;INVERNADA (BUBALINO);TOROS;5
11;SAN JERONIMO;CRIA/RECRIA DE TERNEROS DE TAMBO;TOROS;1
11;SAN JERONIMO;INVERNADA;TORITOS;145
11;SAN JERONIMO;ENGORDE CORRAL C/CONFINAMIENTO;TORITOS;31
11;SAN JERONIMO;CRIA;TORITOS;502
11;SAN JERONIMO;TAMBO;TORITOS;182
11;SAN JERONIMO;CABAÑA;TORITOS;23
11;SAN JERONIMO;CICLO COMPLETO (CRIA e INVERNADA);TORITOS;8
11;SAN JERONIMO;INVERNADA (BUBALINO);TORITOS;12
11;SAN JERONIMO;CRIA/RECRIA DE TERNEROS DE TAMBO;TORITOS;2
06;SAN JUSTO;INVERNADA;VACAS;28810
06;SAN JUSTO;ENGORDE CORRAL C/CONFINAMIENTO;VACAS;3833
06;SAN JUSTO;CRIA;VACAS;77354
06;SAN JUSTO;TAMBO;VACAS;2658
06;SAN JUSTO;CABAÑA;VACAS;519
06;SAN JUSTO;CICLO COMPLETO (CRIA e INVERNADA);VACAS;1687
06;SAN JUSTO;AGRICULTURA FAMILIAR;VACAS;60
06;SAN JUSTO;RECRIA;VACAS;10681
06;SAN JUSTO;SUBSISTENCIA;VACAS;1
06;SAN JUSTO;INVERNADA (BUBALINO);VACAS;224
06;SAN JUSTO;CRIA/RECRIA DE TERNEROS DE TAMBO;VACAS;1
06;SAN JUSTO;RECRIA (BUBALINO);VACAS;102
06;SAN JUSTO;INVERNADA;VAQUILLONAS;11461
06;SAN JUSTO;ENGORDE CORRAL C/CONFINAMIENTO;VAQUILLONAS;1414
06;SAN JUSTO;CRIA;VAQUILLONAS;21325
06;SAN JUSTO;TAMBO;VAQUILLONAS;2221
06;SAN JUSTO;CABAÑA;VAQUILLONAS;177
06;SAN JUSTO;CICLO COMPLETO (CRIA e INVERNADA);VAQUILLONAS;411
06;SAN JUSTO;AGRICULTURA FAMILIAR;VAQUILLONAS;18
06;SAN JUSTO;RECRIA;VAQUILLONAS;5225
06;SAN JUSTO;INVERNADA (BUBALINO);VAQUILLONAS;24
06;SAN JUSTO;CRIA/RECRIA DE TERNEROS DE TAMBO;VAQUILLONAS;1
06;SAN JUSTO;INVERNADA;NOVILLOS;12130
06;SAN JUSTO;ENGORDE CORRAL C/CONFINAMIENTO;NOVILLOS;262
06;SAN JUSTO;CRIA;NOVILLOS;5675
06;SAN JUSTO;TAMBO;NOVILLOS;31
06;SAN JUSTO;CICLO COMPLETO (CRIA e INVERNADA);NOVILLOS;179
06;SAN JUSTO;RECRIA;NOVILLOS;2004
06;SAN JUSTO;INVERNADA (BUBALINO);NOVILLOS;76
06;SAN JUSTO;INVERNADA;NOVILLITOS;24139
06;SAN JUSTO;ENGORDE CORRAL C/CONFINAMIENTO;NOVILLITOS;3709
06;SAN JUSTO;CRIA;NOVILLITOS;15930
06;SAN JUSTO;TAMBO;NOVILLITOS;346
06;SAN JUSTO;CICLO COMPLETO (CRIA e INVERNADA);NOVILLITOS;447
06;SAN JUSTO;RECRIA;NOVILLITOS;3974
06;SAN JUSTO;INVERNADA (BUBALINO);NOVILLITOS;76
06;SAN JUSTO;RECRIA (BUBALINO);NOVILLITOS;7
06;SAN JUSTO;INVERNADA;TERNERAS;5361
06;SAN JUSTO;ENGORDE CORRAL C/CONFINAMIENTO;TERNERAS;1211
06;SAN JUSTO;CRIA;TERNERAS;14382
06;SAN JUSTO;TAMBO;TERNERAS;1292
06;SAN JUSTO;CABAÑA;TERNERAS;64
06;SAN JUSTO;CICLO COMPLETO (CRIA e INVERNADA);TERNERAS;149
06;SAN JUSTO;AGRICULTURA FAMILIAR;TERNERAS;5
06;SAN JUSTO;RECRIA;TERNERAS;3454
06;SAN JUSTO;SUBSISTENCIA;TERNERAS;1
06;SAN JUSTO;INVERNADA (BUBALINO);TERNERAS;10
06;SAN JUSTO;INVERNADA;TERNEROS;7062
06;SAN JUSTO;ENGORDE CORRAL C/CONFINAMIENTO;TERNEROS;895
06;SAN JUSTO;CRIA;TERNEROS;13253
06;SAN JUSTO;TAMBO;TERNEROS;474
06;SAN JUSTO;CABAÑA;TERNEROS;69
06;SAN JUSTO;CICLO COMPLETO (CRIA e INVERNADA);TERNEROS;239
06;SAN JUSTO;RECRIA;TERNEROS;2260
06;SAN JUSTO;SUBSISTENCIA;TERNEROS;1
06;SAN JUSTO;INVERNADA (BUBALINO);TERNEROS;35
06;SAN JUSTO;INVERNADA;TOROS;1308
06;SAN JUSTO;ENGORDE CORRAL C/CONFINAMIENTO;TOROS;183
06;SAN JUSTO;CRIA;TOROS;3107
06;SAN JUSTO;TAMBO;TOROS;25
06;SAN JUSTO;CABAÑA;TOROS;50
06;SAN JUSTO;CICLO COMPLETO (CRIA e INVERNADA);TOROS;47
06;SAN JUSTO;AGRICULTURA FAMILIAR;TOROS;2
06;SAN JUSTO;RECRIA;TOROS;417
06;SAN JUSTO;INVERNADA (BUBALINO);TOROS;10
06;SAN JUSTO;RECRIA (BUBALINO);TOROS;3
06;SAN JUSTO;INVERNADA;TORITOS;715
06;SAN JUSTO;ENGORDE CORRAL C/CONFINAMIENTO;TORITOS;348
06;SAN JUSTO;CRIA;TORITOS;978
06;SAN JUSTO;TAMBO;TORITOS;7
06;SAN JUSTO;CABAÑA;TORITOS;126
06;SAN JUSTO;CICLO COMPLETO (CRIA e INVERNADA);TORITOS;7
06;SAN JUSTO;RECRIA;TORITOS;208
06;SAN JUSTO;INVERNADA (BUBALINO);TORITOS;1
15;SAN LORENZO;INVERNADA;VACAS;4343
15;SAN LORENZO;ENGORDE CORRAL C/CONFINAMIENTO;VACAS;626
15;SAN LORENZO;CRIA;VACAS;8420
15;SAN LORENZO;TAMBO;VACAS;1451
15;SAN LORENZO;CICLO COMPLETO (CRIA e INVERNADA);VACAS;122
15;SAN LORENZO;RECRIA;VACAS;252
15;SAN LORENZO;SUBSISTENCIA;VACAS;2
15;SAN LORENZO;INVERNADA (BUBALINO);VACAS;33
15;SAN LORENZO;CRIA/RECRIA DE TERNEROS DE TAMBO;VACAS;4
15;SAN LORENZO;TAMBO DE SUBSISTENCIA;VACAS;19
15;SAN LORENZO;INVERNADA;VAQUILLONAS;3215
15;SAN LORENZO;ENGORDE CORRAL C/CONFINAMIENTO;VAQUILLONAS;2452
15;SAN LORENZO;CRIA;VAQUILLONAS;3265
15;SAN LORENZO;TAMBO;VAQUILLONAS;810
15;SAN LORENZO;CICLO COMPLETO (CRIA e INVERNADA);VAQUILLONAS;130
15;SAN LORENZO;RECRIA;VAQUILLONAS;1071
15;SAN LORENZO;INVERNADA (BUBALINO);VAQUILLONAS;27
15;SAN LORENZO;CRIA/RECRIA DE TERNEROS DE TAMBO;VAQUILLONAS;3
15;SAN LORENZO;TAMBO DE SUBSISTENCIA;VAQUILLONAS;11
15;SAN LORENZO;INVERNADA;NOVILLOS;324
15;SAN LORENZO;ENGORDE CORRAL C/CONFINAMIENTO;NOVILLOS;637
15;SAN LORENZO;CRIA;NOVILLOS;308
15;SAN LORENZO;TAMBO;NOVILLOS;34
15;SAN LORENZO;CICLO COMPLETO (CRIA e INVERNADA);NOVILLOS;11
15;SAN LORENZO;RECRIA;NOVILLOS;87
15;SAN LORENZO;INVERNADA (BUBALINO);NOVILLOS;2
15;SAN LORENZO;INVERNADA;NOVILLITOS;2811
15;SAN LORENZO;ENGORDE CORRAL C/CONFINAMIENTO;NOVILLITOS;3370
15;SAN LORENZO;CRIA;NOVILLITOS;1396
15;SAN LORENZO;TAMBO;NOVILLITOS;155
15;SAN LORENZO;CICLO COMPLETO (CRIA e INVERNADA);NOVILLITOS;15
15;SAN LORENZO;RECRIA;NOVILLITOS;504
15;SAN LORENZO;INVERNADA (BUBALINO);NOVILLITOS;49
15;SAN LORENZO;INVERNADA;TERNERAS;1334
15;SAN LORENZO;ENGORDE CORRAL C/CONFINAMIENTO;TERNERAS;384
15;SAN LORENZO;CRIA;TERNERAS;1588
15;SAN LORENZO;TAMBO;TERNERAS;418
15;SAN LORENZO;CICLO COMPLETO (CRIA e INVERNADA);TERNERAS;47
15;SAN LORENZO;RECRIA;TERNERAS;159
15;SAN LORENZO;INVERNADA (BUBALINO);TERNERAS;11
15;SAN LORENZO;CRIA/RECRIA DE TERNEROS DE TAMBO;TERNERAS;3
15;SAN LORENZO;TAMBO DE SUBSISTENCIA;TERNERAS;17
15;SAN LORENZO;INVERNADA;TERNEROS;1109
15;SAN LORENZO;ENGORDE CORRAL C/CONFINAMIENTO;TERNEROS;329
15;SAN LORENZO;CRIA;TERNEROS;1398
15;SAN LORENZO;TAMBO;TERNEROS;204
15;SAN LORENZO;CICLO COMPLETO (CRIA e INVERNADA);TERNEROS;34
15;SAN LORENZO;RECRIA;TERNEROS;264
15;SAN LORENZO;INVERNADA (BUBALINO);TERNEROS;7
15;SAN LORENZO;CRIA/RECRIA DE TERNEROS DE TAMBO;TERNEROS;1
15;SAN LORENZO;TAMBO DE SUBSISTENCIA;TERNEROS;14
15;SAN LORENZO;INVERNADA;TOROS;118
15;SAN LORENZO;ENGORDE CORRAL C/CONFINAMIENTO;TOROS;12
15;SAN LORENZO;CRIA;TOROS;327
15;SAN LORENZO;TAMBO;TOROS;28
15;SAN LORENZO;CICLO COMPLETO (CRIA e INVERNADA);TOROS;8
15;SAN LORENZO;RECRIA;TOROS;17
15;SAN LORENZO;INVERNADA (BUBALINO);TOROS;3
15;SAN LORENZO;TAMBO DE SUBSISTENCIA;TOROS;1
15;SAN LORENZO;INVERNADA;TORITOS;44
15;SAN LORENZO;ENGORDE CORRAL C/CONFINAMIENTO;TORITOS;17
15;SAN LORENZO;CRIA;TORITOS;83
15;SAN LORENZO;TAMBO;TORITOS;1
15;SAN LORENZO;CICLO COMPLETO (CRIA e INVERNADA);TORITOS;74
15;SAN LORENZO;RECRIA;TORITOS;27
15;SAN LORENZO;INVERNADA (BUBALINO);TORITOS;1
15;SAN LORENZO;TAMBO DE SUBSISTENCIA;TORITOS;2
12;SAN MARTIN;INVERNADA;VACAS;9717
12;SAN MARTIN;ENGORDE CORRAL C/CONFINAMIENTO;VACAS;33
12;SAN MARTIN;CRIA;VACAS;22580
12;SAN MARTIN;TAMBO;VACAS;34591
12;SAN MARTIN;CABAÑA;VACAS;852
12;SAN MARTIN;CICLO COMPLETO (CRIA e INVERNADA);VACAS;1648
12;SAN MARTIN;AGRICULTURA FAMILIAR;VACAS;6
12;SAN MARTIN;RECRIA;VACAS;871
12;SAN MARTIN;SUBSISTENCIA;VACAS;66
12;SAN MARTIN;CRIA (BUBALINO);VACAS;183
12;SAN MARTIN;CENTRO DE COLECTA Y PROCESAMIENTO DE SEMEN;VACAS;2
12;SAN MARTIN;GUACHERAS COMUNITARIA (BUBALINO);VACAS;123
12;SAN MARTIN;INVERNADA;VAQUILLONAS;8269
12;SAN MARTIN;ENGORDE CORRAL C/CONFINAMIENTO;VAQUILLONAS;1277
12;SAN MARTIN;CRIA;VAQUILLONAS;10230
12;SAN MARTIN;TAMBO;VAQUILLONAS;16932
12;SAN MARTIN;CABAÑA;VAQUILLONAS;421
12;SAN MARTIN;CICLO COMPLETO (CRIA e INVERNADA);VAQUILLONAS;498
12;SAN MARTIN;AGRICULTURA FAMILIAR;VAQUILLONAS;3
12;SAN MARTIN;RECRIA;VAQUILLONAS;4332
12;SAN MARTIN;CRIA (BUBALINO);VAQUILLONAS;15
12;SAN MARTIN;CENTRO DE COLECTA Y PROCESAMIENTO DE SEMEN;VAQUILLONAS;1
12;SAN MARTIN;INVERNADA;NOVILLOS;1816
12;SAN MARTIN;ENGORDE CORRAL C/CONFINAMIENTO;NOVILLOS;13
12;SAN MARTIN;CRIA;NOVILLOS;1079
12;SAN MARTIN;TAMBO;NOVILLOS;104
12;SAN MARTIN;CICLO COMPLETO (CRIA e INVERNADA);NOVILLOS;105
12;SAN MARTIN;RECRIA;NOVILLOS;15
12;SAN MARTIN;INVERNADA;NOVILLITOS;7668
12;SAN MARTIN;ENGORDE CORRAL C/CONFINAMIENTO;NOVILLITOS;5400
12;SAN MARTIN;CRIA;NOVILLITOS;4780
12;SAN MARTIN;TAMBO;NOVILLITOS;1436
12;SAN MARTIN;CABAÑA;NOVILLITOS;79
12;SAN MARTIN;CICLO COMPLETO (CRIA e INVERNADA);NOVILLITOS;165
12;SAN MARTIN;RECRIA;NOVILLITOS;234
12;SAN MARTIN;SUBSISTENCIA;NOVILLITOS;2
12;SAN MARTIN;CRIA (BUBALINO);NOVILLITOS;22
12;SAN MARTIN;INVERNADA;TERNERAS;3450
12;SAN MARTIN;ENGORDE CORRAL C/CONFINAMIENTO;TERNERAS;109
12;SAN MARTIN;CRIA;TERNERAS;3643
12;SAN MARTIN;TAMBO;TERNERAS;9220
12;SAN MARTIN;CABAÑA;TERNERAS;623
12;SAN MARTIN;CICLO COMPLETO (CRIA e INVERNADA);TERNERAS;487
12;SAN MARTIN;AGRICULTURA FAMILIAR;TERNERAS;3
12;SAN MARTIN;RECRIA;TERNERAS;1776
12;SAN MARTIN;SUBSISTENCIA;TERNERAS;3
12;SAN MARTIN;CRIA (BUBALINO);TERNERAS;46
12;SAN MARTIN;GUACHERAS COMUNITARIA (BUBALINO);TERNERAS;150
12;SAN MARTIN;INVERNADA;TERNEROS;5206
12;SAN MARTIN;ENGORDE CORRAL C/CONFINAMIENTO;TERNEROS;482
12;SAN MARTIN;CRIA;TERNEROS;3755
12;SAN MARTIN;TAMBO;TERNEROS;4302
12;SAN MARTIN;CABAÑA;TERNEROS;247
12;SAN MARTIN;CICLO COMPLETO (CRIA e INVERNADA);TERNEROS;325
12;SAN MARTIN;AGRICULTURA FAMILIAR;TERNEROS;1
12;SAN MARTIN;RECRIA;TERNEROS;205
12;SAN MARTIN;SUBSISTENCIA;TERNEROS;26
12;SAN MARTIN;CRIA (BUBALINO);TERNEROS;37
12;SAN MARTIN;INVERNADA;TOROS;271
12;SAN MARTIN;CRIA;TOROS;767
12;SAN MARTIN;TAMBO;TOROS;374
12;SAN MARTIN;CABAÑA;TOROS;18
12;SAN MARTIN;CICLO COMPLETO (CRIA e INVERNADA);TOROS;86
12;SAN MARTIN;RECRIA;TOROS;12
12;SAN MARTIN;SUBSISTENCIA;TOROS;3
12;SAN MARTIN;CRIA (BUBALINO);TOROS;8
12;SAN MARTIN;CENTRO DE COLECTA Y PROCESAMIENTO DE SEMEN;TOROS;29
12;SAN MARTIN;INVERNADA;TORITOS;134
12;SAN MARTIN;CRIA;TORITOS;273
12;SAN MARTIN;TAMBO;TORITOS;117
12;SAN MARTIN;CABAÑA;TORITOS;133
12;SAN MARTIN;CICLO COMPLETO (CRIA e INVERNADA);TORITOS;5
12;SAN MARTIN;RECRIA;TORITOS;10
12;SAN MARTIN;CENTRO DE COLECTA Y PROCESAMIENTO DE SEMEN;TORITOS;5
02;VERA;INVERNADA;VACAS;35428
02;VERA;ENGORDE CORRAL C/CONFINAMIENTO;VACAS;1305
02;VERA;CRIA;VACAS;238296
02;VERA;TAMBO;VACAS;391
02;VERA;CABAÑA;VACAS;445
02;VERA;CICLO COMPLETO (CRIA e INVERNADA);VACAS;11468
02;VERA;RECRIA;VACAS;6853
02;VERA;SUBSISTENCIA;VACAS;15
02;VERA;INVERNADA (BUBALINO);VACAS;401
02;VERA;CRIA (BUBALINO);VACAS;53
02;VERA;CICLO COMPLETO (CRIA e INVERNADA) (BUBALINO);VACAS;200
02;VERA;INVERNADA;VAQUILLONAS;12708
02;VERA;ENGORDE CORRAL C/CONFINAMIENTO;VAQUILLONAS;4752
02;VERA;CRIA;VAQUILLONAS;51188
02;VERA;TAMBO;VAQUILLONAS;68
02;VERA;CABAÑA;VAQUILLONAS;71
02;VERA;CICLO COMPLETO (CRIA e INVERNADA);VAQUILLONAS;2742
02;VERA;RECRIA;VAQUILLONAS;2350
02;VERA;INVERNADA (BUBALINO);VAQUILLONAS;42
02;VERA;CRIA (BUBALINO);VAQUILLONAS;9
02;VERA;CICLO COMPLETO (CRIA e INVERNADA) (BUBALINO);VAQUILLONAS;61
02;VERA;INVERNADA;NOVILLOS;21886
02;VERA;ENGORDE CORRAL C/CONFINAMIENTO;NOVILLOS;397
02;VERA;CRIA;NOVILLOS;26170
02;VERA;CICLO COMPLETO (CRIA e INVERNADA);NOVILLOS;1751
02;VERA;RECRIA;NOVILLOS;1015
02;VERA;INVERNADA (BUBALINO);NOVILLOS;2942
02;VERA;CICLO COMPLETO (CRIA e INVERNADA) (BUBALINO);NOVILLOS;10
02;VERA;INVERNADA;NOVILLITOS;37923
02;VERA;ENGORDE CORRAL C/CONFINAMIENTO;NOVILLITOS;3335
02;VERA;CRIA;NOVILLITOS;54664
02;VERA;TAMBO;NOVILLITOS;22
02;VERA;CABAÑA;NOVILLITOS;31
02;VERA;CICLO COMPLETO (CRIA e INVERNADA);NOVILLITOS;3822
02;VERA;RECRIA;NOVILLITOS;2769
02;VERA;INVERNADA (BUBALINO);NOVILLITOS;3109
02;VERA;CRIA (BUBALINO);NOVILLITOS;13
02;VERA;CICLO COMPLETO (CRIA e INVERNADA) (BUBALINO);NOVILLITOS;16
02;VERA;INVERNADA;TERNERAS;6858
02;VERA;ENGORDE CORRAL C/CONFINAMIENTO;TERNERAS;2088
02;VERA;CRIA;TERNERAS;35230
02;VERA;TAMBO;TERNERAS;91
02;VERA;CABAÑA;TERNERAS;165
02;VERA;CICLO COMPLETO (CRIA e INVERNADA);TERNERAS;1757
02;VERA;RECRIA;TERNERAS;1373
02;VERA;INVERNADA (BUBALINO);TERNERAS;90
02;VERA;CRIA (BUBALINO);TERNERAS;42
02;VERA;CICLO COMPLETO (CRIA e INVERNADA) (BUBALINO);TERNERAS;24
02;VERA;INVERNADA;TERNEROS;9371
02;VERA;ENGORDE CORRAL C/CONFINAMIENTO;TERNEROS;1123
02;VERA;CRIA;TERNEROS;36573
02;VERA;TAMBO;TERNEROS;26
02;VERA;CABAÑA;TERNEROS;169
02;VERA;CICLO COMPLETO (CRIA e INVERNADA);TERNEROS;1778
02;VERA;RECRIA;TERNEROS;1275
02;VERA;INVERNADA (BUBALINO);TERNEROS;85
02;VERA;CRIA (BUBALINO);TERNEROS;37
02;VERA;CICLO COMPLETO (CRIA e INVERNADA) (BUBALINO);TERNEROS;8
02;VERA;INVERNADA;TOROS;1674
02;VERA;ENGORDE CORRAL C/CONFINAMIENTO;TOROS;279
02;VERA;CRIA;TOROS;11123
02;VERA;TAMBO;TOROS;8
02;VERA;CABAÑA;TOROS;31
02;VERA;CICLO COMPLETO (CRIA e INVERNADA);TOROS;836
02;VERA;RECRIA;TOROS;318
02;VERA;INVERNADA (BUBALINO);TOROS;14
02;VERA;CRIA (BUBALINO);TOROS;12
02;VERA;CENTRO DE TRANSFERENCIA DE EMBRIONES;TOROS;3
02;VERA;INVERNADA;TORITOS;367
02;VERA;ENGORDE CORRAL C/CONFINAMIENTO;TORITOS;1073
02;VERA;CRIA;TORITOS;2324
02;VERA;TAMBO;TORITOS;2
02;VERA;CABAÑA;TORITOS;97
02;VERA;CICLO COMPLETO (CRIA e INVERNADA);TORITOS;54
02;VERA;RECRIA;TORITOS;162
02;VERA;INVERNADA (BUBALINO);TORITOS;1
02;VERA;CICLO COMPLETO (CRIA e INVERNADA) (BUBALINO);TORITOS;2
